source_id,source_name,wd_class,subclass,xray_ref_ids,xray_ref_keys,xray_ref_citations,radio_ref_ids,radio_ref_keys,radio_ref_citations,origin_papers,origin_tables,identity_ref_keys,astrometry_ref_keys,physical_ref_keys
gaia-dr3:5041907811522399488,EQ Cet,magnetic_cv,AM,9,Evans+20,Evans et al. (2020),2,Barrett+20,Barrett et al. (2020),Barrett+20; Ridder+23,combined_mcv_sources.csv,Schwope+99; Schwope+02_RBS; SIMBAD,GaiaDR3+22; BailerJones+21; Ridder+23,Schwope+99; Schwope+02_RBS; Campbell+08_EQCet; Breedt+12
gaia-dr3:558935743846455296,Cas 1,magnetic_cv,IP candidate; magnetic classification disputed,214;119;215,HaberlMotch+95_Cas1;Norton+06;Butters+11_Cas1,Haberl & Motch (1995); Norton et al. (2006); Butters et al. (2011),2;25,Barrett+20;Ridder+23,Barrett et al. (2020); Ridder et al. (2023),LiuHu+00_Cas1;HaberlMotch+95_Cas1;Norton+06;Butters+11_Cas1;Bruch+25_Cas1;Thorstensen+17_Cas1;Barrett+20;Ridder+23,Haberl & Motch 1995 Tables 1–2/Fig. 1; Thorstensen et al. 2017 Table 1; Barrett et al. 2020 Table 1; Bruch 2025 Table 8/Fig. 56,LiuHu+00_Cas1;HaberlMotch+95_Cas1;SIMBAD;GaiaDR3+22,GaiaDR3+22;BailerJones+21,Thorstensen+17_Cas1;HaberlMotch+95_Cas1;Norton+06;Butters+11_Cas1;Bruch+25_Cas1;Rao+26_ARIES_Cas1
gaia-dr3:2507796391561705728,FL Cet,magnetic_cv,AM Her polar; eclipsing; synchronized,190,Schmidt+05_FLCet,Schmidt et al. (2005),2;25,Barrett+20;Ridder+23,Barrett et al. (2020); Ridder et al. (2023),Woudt+04_FLCet; Wiehahn+04_FLCet; Schmidt+05_FLCet; ODonoghue+06; Inight+25_FLCet; Barrett+20; Ridder+23,Woudt+04 Table 3; Wiehahn+04 Table 1; Schmidt+05 Tables 1–2 and Figs. 2–4; ODonoghue+06 Table 1 and Eq. 1; Inight+25 Sect. 5.1/Fig. 6; Barrett+20 Tables 1–2; Ridder+23 Tables 3–4,SIMBAD_FLCet; Schmidt+05_FLCet; Wiehahn+04_FLCet; Inight+25_FLCet,GaiaDR3+22_FLCet; BailerJones+21_FLCet; SIMBAD_FLCet,Schmidt+05_FLCet; Wiehahn+04_FLCet; Woudt+04_FLCet; ODonoghue+06; Inight+25_FLCet; Barrett+20; Ridder+23
gaia-dr3:107522105369340800,BS Tri,magnetic_cv,AM,22;25,Voges+99;Ridder+23,"Voges et al. (1999); Ridder et al. (2023, conversion/table)",2;25,Barrett+20;Ridder+23,"Barrett et al. (2020); Ridder et al. (2023, compilation)",Wu+01_BSTri;Denisenko+06_BSTri;Borisov+15_BSTri;Kolbin+22;Kolbin+20_BSTri;HernandezDiaz+25_BSTri;Barrett+20;Ridder+23,Wu+01 Tables 1–2; Denisenko+06 eclipse data; Kolbin+22 spectroscopy/photometry; Hernandez-Diaz+25 VizieR Table A.1; Barrett+20 Tables 1–2; Ridder+23 Table 3,Wu+01_BSTri;Denisenko+06_BSTri;SIMBAD_BSTri,GaiaDR3+22_BSTri;BailerJones+21_BSTri;SIMBAD_BSTri,Denisenko+06_BSTri;Borisov+15_BSTri;Kolbin+22;Kolbin+20_BSTri;HernandezDiaz+25_BSTri
gaia-dr3:5099482805904892288,EF Eri,magnetic_cv,AM,19;25;232,Schwope+07;Ridder+23;Filor+25_EFEri,Schwope et al. (2007); Ridder et al. (2023); Filor et al. (2025),2;136,Barrett+20;Ridder+26_Broadband,Barrett et al. (2020); Ridder et al. (2026),Beuermann+00; HowellCiardi+01; Howell+06; Schwope+07; Hoard+07; Szkody+10; SchwopeChristensen+10; Barrett+20; Ridder+23; Filor+25_EFEri; Khangale+25_EFEri; HernandezDiaz+25_EFEri; Ridder+26_Broadband,combined_mcv_sources.csv; rawdog_measurements.csv (source-specific tables/pages are listed per measurement),SIMBAD_EFEri;GaiaDR3+22_EFEri,GaiaDR3+22_EFEri;BailerJones+21_EFEri;Thorstensen+03_EFEri,Bailey+82_EFEri;Thorstensen+03_EFEri;Beuermann+00;HowellCiardi+01;Howell+06;Schwope+07;Hoard+07;Szkody+10;Beuermann+07_EFEri;SchwopeChristensen+10;Filor+25_EFEri;Khangale+25_EFEri;HernandezDiaz+25_EFEri
gaia-dr3:5084805635638179584,UZ For,magnetic_cv,AM,25;20,Ridder+23;Still+01,"Ridder et al. (2023), Table 3; underlying UZ For XMM burst: Still & Mukai (2001)",240;2,Barrett+17_UZFor;Barrett+20,"Barrett et al. (2017), Tables 1–5; Barrett et al. (2020), Tables 1–2",Beuermann+88_UZFor; Ferrario+89_UZFor; Schwope+90_UZFor; Rousseau+96_UZFor; Schwope+97_UZFor; BaileyCropper+91; Kube+00; Dai+10_UZFor; Potter+11_UZFor; Khangale+19_UZFor; Khangale+20; Barrett+17_UZFor; Barrett+20; Still+01; Ridder+23,rawdog_measurements.csv (original paper tables/pages and exact catalog queries listed per measurement),SIMBAD_UZFor;GaiaDR3+22_UZFor;Beuermann+88_UZFor;Ferrario+89_UZFor,GaiaDR3+22_UZFor;BailerJones+21_UZFor;SIMBAD_UZFor,Beuermann+88_UZFor;Ferrario+89_UZFor;Schwope+90_UZFor;Rousseau+96_UZFor;Schwope+97_UZFor;BaileyCropper+91;Kube+00;Dai+10_UZFor;Potter+11_UZFor;Khangale+19_UZFor;Khangale+20;Nogami+02_UZFor;Barrett+17_UZFor;Barrett+20;Still+01;Ridder+23
gaia-dr3:3393408546234335488,RXJ0502.8+1624 (Tau 4),magnetic_cv,AM,25;3,Ridder+23;Boller+16,"Ridder et al. (2023), Table 3, model-converted unabsorbed fluxes; Boller et al. (2016), 2RXS counts/hardness",2,Barrett+20,"Barrett et al. (2020), Tables 1–2",Motch+96_Tau4; Littlefair+05; Littlefield+20; Harrison+18; Barrett+20; Boller+16; Ridder+23; Duffy+22_Tau4,rawdog_measurements.csv (source tables/sections and exact query locations per measurement),SIMBAD_Tau4;GaiaDR3+22_Tau4;Motch+96_Tau4;Littlefair+05;Littlefield+20,GaiaDR3+22_Tau4;BailerJones+21_Tau4;BailerJones+18_Tau4;SIMBAD_Tau4,Littlefair+05;Littlefield+20;Harrison+18;Barrett+20;Ridder+23;Duffy+22_Tau4
gaia-dr3:1099223590090176896,LW Cam,magnetic_cv,AM,25;22,Ridder+23;Voges+99,"Ridder et al. (2023); Voges et al. (1999), underlying RASS catalog",2,Barrett+20,Barrett et al. (2020),Barrett+20;Ridder+23;Tovmassian+01_LWCam;Barrett+17_LWCam;HernandezDiaz+25_LWCam;Duffy+22_LWCam,combined_mcv_sources.csv;Tovmassian+01 §§2–4;Barrett+17 Tables 1–4;Barrett+20 Tables 1–2;HernandezDiaz+25 Table A.1;Duffy+22 Table B.1,SIMBAD_LWCam;Tovmassian+01_LWCam;Barrett+17_LWCam;GaiaDR3+22_LWCam;HernandezDiaz+25_LWCam,GaiaDR3+22_LWCam;BailerJones+21_LWCam;BailerJones+18_LWCam;SIMBAD_LWCam;Barrett+17_LWCam,Tovmassian+01_LWCam;Barrett+17_LWCam;Barrett+20;Ridder+23;Voges+99;HernandezDiaz+25_LWCam;Duffy+22_LWCam;Ferrario+15
gaia-dr3:5719598950133755392,VV Pup,magnetic_cv,AM,4,Bonnet-Bidaud+20,Bonnet-Bidaud et al. (2020),2,Barrett+20,Barrett et al. (2020),Barrett+20; Ridder+23; AraujoBetancor+05_STLMi; Howell+06_VVPup; Bonnet-Bidaud+20; Mason+07; SchwopeBeuermann+97; Wickramasinghe+89; Walker+65,combined_mcv_sources.csv,SIMBAD; Howell+06_VVPup; Mason+07,GaiaDR3_VVPup; BailerJones+21_VVPup,AraujoBetancor+05_STLMi; Howell+06_VVPup; Bonnet-Bidaud+20; Barrett+20; Wickramasinghe+89; SchwopeBeuermann+97; Mason+07; Walker+65; GaiaDR3_VVPup; BailerJones+21_VVPup; Ridder+23
gaia-dr3:719893044876142848,FR Lyn,magnetic_cv,AM,22,Voges+99,Voges et al. (1999),2,Barrett+20,Barrett et al. (2020),Christian+01;Szkody+05;Dillon+08;Kolbin+23_FRLyn;Barrett+20;Ridder+23;Voges+99,Christian+01 pp. 1-3;Szkody+05 abstract only;Dillon+08 Table 1 and §3;Kolbin+23 §§2-4/Figs. 1-5;Barrett+20 Tables 1-2;Ridder+23 Table 3 and §3.2;Gaia DR3 I/355;Bailer-Jones EDR3 I/352;ROSAT BSC IX/10A,Christian+01;Szkody+05;SIMBAD_FRLyn,GaiaDR3_FRLyn;VizieR_GaiaDR3_FRLyn;BailerJones+21_FRLyn,Christian+01;Szkody+05;Dillon+08;Kolbin+23_FRLyn;GaiaDR3_FRLyn;BailerJones+21_FRLyn
gaia-dr3:583340808875713280,Hya 1,magnetic_cv,Confirmed polar / AM Her; Hya 1 = RX J0859.1+0537; radio point marginal,283;284,Joshi+20_RXJ0859;Beuermann+21_RXJ0859,"Joshi et al. (2020), RX J0859.1+0537 optical/X-ray study; Beuermann et al. (2021), RX J0859.1+0537 long-baseline polar study",2;25,Barrett+20;Ridder+23,Barrett et al. (2020); Ridder et al. (2023),Pelisoli+24;Barrett+20;Ridder+23;Joshi+20_RXJ0859;Beuermann+21_RXJ0859;HarrisonCampbell+15_RXJ0859;GansickeDillon+09_RXJ0859;Szkody+05_RXJ0859;GaiaDR3_RXJ0859;BailerJones+21_RXJ0859;BailerJones+18_RXJ0859;SIMBAD_RXJ0859;Lallement+18_RXJ0859,"Pelisoli+24 Appendix source row; Barrett+20 Tables 1–2; Ridder+23 radio significance discussion; Joshi+20 Tables 3–5; Beuermann+21 Tables 1–4, Sections 6.1–6.5, Appendix C.3; Harrison & Campbell+15 Section 3.52 and Tables 1, 4, 6; Gänsicke & Dillon+09 Table 2; exact Gaia/Bailer-Jones source rows",Pelisoli+24;SIMBAD_RXJ0859;GaiaDR3_RXJ0859,SIMBAD_RXJ0859;GaiaDR3_RXJ0859;BailerJones+21_RXJ0859;BailerJones+18_RXJ0859,Joshi+20_RXJ0859;Beuermann+21_RXJ0859;HarrisonCampbell+15_RXJ0859;GansickeDillon+09_RXJ0859;Szkody+05_RXJ0859;Lallement+18_RXJ0859
gaia-dr3:594162958230409088,HS0922+1333,magnetic_cv,AM,132;289,ReimersHagen+00_HS0922;Vogel+11_HS0922,"Reimers & Hagen et al. (2000; ROSAT upper limit); Vogel, Schwope & Schwarz (2011; XMM-Newton; abstract only checked)",2,Barrett+20,Barrett et al. (2020),ReimersHagen+00_HS0922;TovmassianZharikov+07_HS0922;Vogel+11_HS0922;Parsons+21_HS0922;Barrett+20;Ridder+23;Wang+24_HS0922;Bruch+25_HS0922,ReimersHagen+00 pp. L45-L47; TovmassianZharikov+07 Tables 1-2; Parsons+21 Table 2/Table 4; Barrett+20 Tables 1-2; Wang+24 Table 2 (secondary-host excerpt; verify original),SIMBAD_HS0922;GaiaDR3_HS0922;ReimersHagen+00_HS0922;TovmassianZharikov+07_HS0922,GaiaDR3_HS0922;BailerJones+21_HS0922;SIMBAD_HS0922;Parsons+21_HS0922,ReimersHagen+00_HS0922;TovmassianZharikov+07_HS0922;Vogel+11_HS0922;Parsons+21_HS0922;Wang+24_HS0922;Bruch+25_HS0922
gaia-dr3:755705822218381184,WX LMi,magnetic_cv,AM,23;25,Ridder+23;Vogel+07,"Ridder et al. (2023), compiled from Vogel, Schwope & Gänsicke (2007)",2,Barrett+20,Barrett et al. (2020),Reimers+99_HS1023;Schwarz+01_WXLmi;Vogel+07;TutarOzdarcan+17_WXLmi;Barrett+20;Ridder+23,"Reimers+99 Sects. 2–3; Vogel+07 Eq. 1, Tables 2–5; Tutar Özdarcan+17 Table 1/Fig. 5; Barrett+20 Table 1–2; Ridder+23 Table 3",SIMBAD_WXLmi;Reimers+99_HS1023;Vogel+07,GaiaDR3_WXLmi;BailerJones+21;SIMBAD_WXLmi,Reimers+99_HS1023;Schwarz+01_WXLmi;Vogel+07;TutarOzdarcan+17_WXLmi;Barrett+20;Ridder+23
gaia-dr3:3996419759863758592,ST LMi,magnetic_cv,AM,24;25;302,Webb+20; Ridder+23; 4XMM_DR9_STLMi,"Webb et al. (2020); Ridder et al. (2023); Webb et al. (2020), exact 4XMM-DR9 query",2;303;136;309,Barrett+20; Pavelin+94_STLMi; Ridder+26_Broadband; Rinkoski+25_STLMi,"Barrett et al. (2020); Pavelin et al. (1994); Ridder et al. (2026); Rinkoski (2025), repository abstract",Barrett+20; Ridder+23; Ridder+26_Broadband; Pavelin+94_STLMi; Rinkoski+25_STLMi,combined_mcv_sources.csv; Pavelin+94 Table 1; Ridder+26 Tables 2–3; Rinkoski repository abstract,SIMBAD_STLMi; GaiaDR3_STLMi,GaiaDR3_STLMi; BailerJones+21; 4XMM_DR9_STLMi,AraujoBetancor+05_STLMi; ShahbazWood+96_STLMi; Kafka+07_STLMi; Campbell+08_STLMi; Ciardi+98_STLMi; Howell+00_STLMi; Cropper+88_STLMi; Ferrario+93_STLMi; Peacock+92_STLMi
gaia-dr3:783921244796958208,AR UMa,magnetic_cv,AM,21;25;133,Szkody+99; Ridder+23; Remillard+94_ARUMa,Szkody et al. (1999); Ridder et al. (2023); Remillard et al. (1994),2;317;313,Barrett+20; MasonGray+07_ARUMa; Mason+24_ARUMa,Barrett et al. (2020); Mason & Gray (2007; secondary-reported in Mason+24); Mason et al. (2024),Barrett+20; Ridder+23; Remillard+94_ARUMa; Schmidt+96_ARUMa; Gaensicke+01_ARUMa; Bai+16_ARUMa; Ferrario+03_ARUMa; Howell+01_ARUMa; Harrison+05_ARUMa; Mason+24_ARUMa; Kato+23_ARUMa,combined_mcv_sources.csv; Barrett+20 Table 1; Ridder+23 Table 3; Bai+16 Tables 2–3; Mason+24 Tables 1–2; source audit ledger,SIMBAD_ARUMa; GaiaDR3_ARUMa; Remillard+94_ARUMa; Schmidt+96_ARUMa,GaiaDR3_ARUMa; BailerJones+21; SIMBAD_ARUMa,Gaensicke+01_ARUMa; Schmidt+96_ARUMa; Szkody+99; Bai+16_ARUMa; Ferrario+03_ARUMa; Howell+01_ARUMa; Harrison+05_ARUMa; Mason+24_ARUMa; Kato+23_ARUMa; Remillard+94_ARUMa
gaia-dr3:4019704731785215360,EU UMa,magnetic_cv,AM,14,Ramsay+04,Ramsay et al. (2004a),2,Barrett+20,Barrett et al. (2020),Barrett+20; Ridder+23;Mittaz+92_EUUMa;Howell+95_EUUMa;Somova+03_EUUMa;Somov+04_EUUMa;Ramsay+04;Ramsay+94;Schwope+95_EUUMa;Ferrario+15;Sanad+15_EUUMa;Duffy+22_EUUMa;Barrett+17_EUUMa,combined_mcv_sources.csv;Mittaz+92 Table 1;Howell+95 Table 2;Somov+04 §3;Ramsay+04 Table 2;Schwope+95 Table 1;Sanad+15 Tables 5–6;Barrett+17 Tables 1 and 4;Barrett+20 Table 1;Duffy+22 Tables 2 and B1,SIMBAD;GaiaDR3+22_EUUMa;Mittaz+92_EUUMa,GaiaDR3+22_EUUMa;BailerJones+21_EUUMa,Howell+95_EUUMa;Somova+03_EUUMa;Somov+04_EUUMa;Ramsay+04;Ramsay+94;Schwope+95_EUUMa;Ferrario+15;Sanad+15_EUUMa;Duffy+22_EUUMa;Barrett+17_EUUMa;Barrett+20;Ridder+23
gaia-dr3:6179636986011888512,V1043 Cen,magnetic_cv,AM,24;164;25,Webb+20;Thomas+99_V1043Cen;Ridder+23,Webb et al. (2020); Thomas et al. (2000); Ridder et al. (2023),2,Barrett+20,Barrett et al. (2020),Thomas+99_V1043Cen;Gaensicke+00_V1043Cen;vanDerHeyden+02_V1043Cen;Beuermann+20_V1043Cen;Barrett+20;Ridder+23,Thomas+00 Tables 1–3; Gänsicke+00 Table 1/Figs 1–2; van der Heyden+02 Tables 3–4/Figs 9–10; Barrett+20 Tables 1–2; Ridder+23 Table 3; Gaia DR3 I/355; Bailer-Jones I/352; 4XMM-DR11 IX/65,SIMBAD_V1043Cen;Thomas+99_V1043Cen,GaiaDR3+22_V1043Cen;BailerJones+21_V1043Cen;SIMBAD_V1043Cen,Thomas+99_V1043Cen;Gaensicke+00_V1043Cen;vanDerHeyden+02_V1043Cen;Beuermann+20_V1043Cen;Barrett+20;Ridder+23;Webb+20
gaia-dr3:6231616192056505984,J1503-2207,magnetic_cv,AM; reported polar / polar candidate,9,Evans+20,Evans et al. (2020),2,Barrett+20,Barrett et al. (2020),Woudt+12_CSS1503;Oliveira+17_CSS1503;Oliveira+20_CSS1503;Barrett+20;Ridder+23;Evans+20;Schwope+24_eROSITA;Abrahams+22_J1503,Woudt+12 §2.17/Fig. 31/Eq. 12; Oliveira+17 Tables 1-2/§6.1.8; Barrett+20 Tables 1-2; Ridder+23 Table 3; Schwope+24 electronic Table A1; Abrahams+22 VizieR Table 1,SIMBAD_J1503;Woudt+12_CSS1503;Oliveira+17_CSS1503,GaiaDR3+22_J1503;BailerJones+21_J1503;SIMBAD_J1503,Woudt+12_CSS1503;Oliveira+17_CSS1503;Oliveira+20_CSS1503;Barrett+20;Ridder+23;Evans+20;Swift2SXPS_Docs;Schwope+24_eROSITA;Abrahams+22_J1503
gaia-dr3:1374430388449392000,BM CrB,magnetic_cv,AM,24;25;343;345,Webb+20;Ridder+23;Hilton+09_BMCrB;4XMMDR11_BMCrB,Webb et al. (2020);Ridder et al. (2023);Hilton et al. (2009);4XMM-DR11 exact source query,2;25,Barrett+20;Ridder+23,Barrett et al. (2020);Ridder et al. (2023),Kolbin+23_BMCrB;GansickeDillon+09_BMCrB;HernandezDiaz+25_BMCrB;Szkody+05;Ferrario+15;Hilton+09_BMCrB;Barrett+20;Webb+20;Ridder+23,combined_mcv_sources.csv;rawdog_catalog.csv;Gaia DR3;Bailer-Jones EDR3;VizieR 4XMM-DR11 IX/65;Hernandez-Diaz+25 Table A1,SIMBAD_BMCrB;GaiaDR3_BMCrB;Szkody+05,GaiaDR3_BMCrB;BailerJones+21_BMCrB;SIMBAD_BMCrB,Kolbin+23_BMCrB;GansickeDillon+09_BMCrB;HernandezDiaz+25_BMCrB;Szkody+05;Ferrario+15;Hilton+09_BMCrB;Barrett+20;Webb+20;Ridder+23;4XMMDR11_BMCrB
gaia-dr3:1203639265875666304,MR Ser,magnetic_cv,AM,13;25,Ramsay+94;Ridder+23,Ramsay et al. (1994) ROSAT observation; Ridder et al. (2023) Table 3 converted fluxes,2,Barrett+20,Barrett et al. (2020),Schwope+93_MRSer;MukaiCharles+86_MRSer;ShahbazWood+96_STLMi;AraujoBetancor+05_STLMi;Ferrario+15;Ramsay+94;Barrett+20;Ridder+23,rawdog_catalog.csv;Gaia DR3 I/355 exact ID row;Bailer-Jones EDR3 I/352 exact ID row;SIMBAD exact identifier;Schwope+93 ephemeris/Figs. 11–12/Tables 1–2;Mukai+Charles+86 Tables 1–3;Shahbaz & Wood+96 q/mass discussion;Araujo-Betancor+05 Table 5;Barrett+20 Tables 1–2;Ridder+23 Table 3,SIMBAD_MRSer;GaiaDR3_MRSer;Schwope+93_MRSer;MukaiCharles+86_MRSer,GaiaDR3_MRSer;BailerJones+21_MRSer;SIMBAD_MRSer,Schwope+93_MRSer;MukaiCharles+86_MRSer;ShahbazWood+96_STLMi;AraujoBetancor+05_STLMi;Ferrario+15;Ramsay+94;Barrett+20;Ridder+23
gaia-dr3:1597621426298361216,MQ Dra,magnetic_cv,AM,24;355;197;25,Webb+20; 4XMMDR11_MQDra; Szkody+04_MQDra; Ridder+23,Webb et al. (2020); Szkody et al. (2004); Ridder et al. (2023); exact 4XMM-DR11 source/observation query,2,Barrett+20,Barrett et al. (2020),Szkody+03_MQDra; Szkody+04_MQDra; Szkody+08_MQDra; Schmidt+05_MQDra; Harrison+05_MQDra; Thorstensen+08_MQDra; Barrett+20; Ridder+23,"Szkody+04 Tables 1–2; Szkody+08 Tables 2,3,6,7; Schmidt+05 Table 3; Harrison+05 Table 1; Thorstensen+08 Table 3; Barrett+20 Tables 1–2; Ridder+23 Table 3; Gaia DR3 I/355; Bailer-Jones I/352; 4XMM-DR11 rows",SIMBAD_MQDra; GaiaDR3_MQDra; Szkody+03_MQDra,GaiaDR3_MQDra; BailerJones+21_MQDra; Ridder+23,Szkody+03_MQDra; Szkody+04_MQDra; Szkody+08_MQDra; Schmidt+05_MQDra; Harrison+05_MQDra; Thorstensen+08_MQDra; Ferrario+15
gaia-dr3:1223491257550872192,AP CrB,magnetic_cv,AM,22;170;25,Voges+99;Tovmassian+01_APCrB;Ridder+23,Voges et al. (1999); Tovmassian et al. (2001); Ridder et al. (2023),2,Barrett+20,Barrett et al. (2020),Tovmassian+01_APCrB;ThorstensenFenton+02_APCrB;Gaensicke+04_APCrB;Schwope+06_APCrB;Ferrario+15;Barrett+20;Ridder+23;West+08_APCrB,Tovmassian+01 Tables 1-4 and text; Gaensicke+04 text/Figures 1-3; Schwope+06 Figures 1-2; Barrett+20 Tables 1-2; Ridder+23 Table 3; West+08 exact VizieR J/AJ/135/785/stars row,SIMBAD_APCrB;Gaensicke+04_APCrB;Tovmassian+01_APCrB,GaiaDR3_APCrB;BailerJones+21_APCrB;SIMBAD_APCrB,Tovmassian+01_APCrB;ThorstensenFenton+02_APCrB;Gaensicke+04_APCrB;Schwope+06_APCrB;Ferrario+15;West+08_APCrB
gaia-dr3:1325655193647771008,Her 1,non_magnetic_cv,SW Sex candidate; original polar candidate; magnetic status disputed,NA,NA,NA,2;365;366;25,Barrett+20;Barrett+17_Her1;Barrett+20_Her1;Ridder+23,Barrett et al. (2020);Barrett et al. (2017);Ridder et al. (2023),Barrett+20; Ridder+23;Szkody+04_Her1;Szkody+18_Her1;Szkody+24_Her1;Barrett+17_Her1;Barrett+20_Her1;GaiaDR3_Her1;BailerJones+21_Her1,combined_mcv_sources.csv;Szkody+04 Table 1;Szkody+24 Table 1/Table 2/Fig. 6;Barrett+17 Tables 1-3;Barrett+20 Tables 1-2,Szkody+04_Her1;Szkody+24_Her1;Barrett+17_Her1;SIMBAD_Her1;SIMBAD_Her1_oldpos,GaiaDR3_Her1;BailerJones+21_Her1;GaiaDR2_Her1;BailerJones+18_Her1,Szkody+04_Her1;Szkody+18_Her1;Szkody+24_Her1;Barrett+17_Her1;Barrett+20_Her1
gaia-dr3:1347851790791563136,V1007 Her,magnetic_cv,AM,22,Voges+99,Voges et al. (1999),2,Barrett+20,Barrett et al. (2020),Barrett+20; Ridder+23,combined_mcv_sources.csv,SIMBAD_V1007Her;Greiner+98_V1007Her,GaiaDR3+22_V1007Her;BailerJones+21_V1007Her;SIMBAD_V1007Her,Greiner+98_V1007Her;Barrett+17_V1007Her;Barrett+20;Pretorius+13_V1007Her;Harrison+15_V1007Her;Yang+17_V1007Her;Chavez+22_V1007Her;Duffy+22_V1007Her;HernandezDiaz+25_V1007Her;Pelisoli+24_V1007Her;Ridder+23
gaia-dr3:4611319954072608384,V1323 Her,magnetic_cv,IP,24;392;25;38,Webb+20;Ridder+23;Anzolin+08_V1323Her;XMM4XMMDR11_V1323Her,Webb et al. (2020); Ridder et al. (2023); Anzolin et al. (2008); 4XMM-DR11 exact query,2;384;393,Barrett+17_V1323Her;Barrett+20;VizieRBarrett17_V1323Her,Barrett et al. (2017); Barrett et al. (2020); CDS/VizieR exact electronic table rows,Gaensicke+05_IPs;Anzolin+08_V1323Her;Barrett+17_V1323Her;Barrett+20;Bruch+24_V1323Her;Bruch+25_V1323Her;Dag+26_V1323Her;Ridder+23,"Gänsicke+05 Table 2; Anzolin+08 Tables 4,6/Sects.3–4; Barrett+17 Tables 1,3–5; Barrett+20 Tables 1–2; Bruch+24 Table 3; Bruch+25 Table 3; Dağ+26 V1323 Her section",SIMBAD_V1323Her;Gaensicke+05_IPs;Anzolin+08_V1323Her,GaiaDR3_V1323Her;BailerJones+21_V1323Her;GaiaGSPPhot_V1323Her;SIMBAD_V1323Her;XMM4XMMDR11_V1323Her,Gaensicke+05_IPs;Anzolin+08_V1323Her;Bruch+24_V1323Her;Bruch+25_V1323Her;Dag+26_V1323Her
gaia-dr3:2123837555230207744,AM Her,magnetic_cv,AM,24,Webb+20,Webb et al. (2020),2;25,Barrett+20;Ridder+23,Barrett et al. (2020);Ridder et al. (2023),Barrett+20;Ridder+23;Young+81_AMHer;WickramasingheMartin+85_AMHer;Gaensicke+06_AMHer;Pala+22;Southwell+95_AMHer;Bailey+91_AMHer;Campbell+08_STLMi;Mason+24_AMHer;Dai+13_AMHer;Gawronski+18_AMHer;Dulk+83_AMHer,combined_mcv_sources.csv;Barrett+20 Table 1/Table 2;Ridder+23 Tables 1-3;Pala+22 Tables 5-6;Mason+24 Tables 1-2,SIMBAD_AMHer;GaiaDR3_AMHer;Young+81_AMHer,GaiaDR3_AMHer;BailerJones+21_AMHer;Gawronski+18_AMHer,Southwell+95_AMHer;DaveySmith+96_AMHer;Young+81_AMHer;WickramasingheMartin+85_AMHer;Gaensicke+06_AMHer;Pala+22;Bailey+91_AMHer;Campbell+08_STLMi;Mason+24_AMHer;Dai+13_AMHer
gaia-dr3:4193346037615507968,V1432 Aql,magnetic_cv,AM,15;25,Rana+05;Ridder+23,Rana et al. (2005); Ridder et al. (2023),2,Barrett+20,Barrett et al. (2020),Barrett+20; Ridder+23; Rana+05; Patterson+95_V1432Aql; SchmidtStockman+01_V1432Aql; Staubert+03_V1432Aql; Mukai+03_V1432Aql; Boyd+14_V1432Aql; Littlefield+15_V1432Aql; Shaw+20_V1432Aql; Wang+21_V1432Aql,combined_mcv_sources.csv; Barrett+20 Table 1/Table 2; Ridder+23 Table 3; source-specific literature audit 2026-09-24,SIMBAD_V1432Aql;GaiaDR3+22_V1432Aql;Patterson+95_V1432Aql,GaiaDR3+22_V1432Aql;BailerJones+21;SIMBAD_V1432Aql,Rana+05;Mukai+03_V1432Aql;SchmidtStockman+01_V1432Aql;Staubert+03_V1432Aql;Boyd+14_V1432Aql;Littlefield+15_V1432Aql;Shaw+20_V1432Aql;Wang+21_V1432Aql;Patterson+95_V1432Aql;Barrett+20;Ridder+23
gaia-dr3:4240284979281473920,J1955+0045,magnetic_cv,AM,24,Webb+20,Webb et al. (2020),2,Barrett+20,Barrett et al. (2020),Barrett+20; Ridder+23,combined_mcv_sources.csv,SIMBAD_J1955; GaiaDR3_J1955; ThorstensenHalpern+13_XrayCVs,GaiaDR3_J1955; BailerJones+21_J1955,Bernardini+13_IGRJ19552; Tovmassian+17_IGRJ19552; Babina+24_J1955_RU; Babina+24_J1955_EN; Bruch+25_J1955; Barrett+20; Ridder+23
gaia-dr3:1833014187092198912,QQ Vul,magnetic_cv,AM,422;43;423,Nousek+84_QQVul; Belle+00_QQVul; Cropper+98Mass_QQVul,"Nousek et al. (1984); Belle et al. (2000); Cropper, Ramsay & Wu (1998)",2,Barrett+20,Barrett et al. (2020),Barrett+20; Ridder+23,combined_mcv_sources.csv; Barrett+20 Tables 1–2,SIMBAD_QQVul; Nousek+84_QQVul,GaiaDR3_QQVul; BailerJones+21_QQVul; SIMBAD_QQVul,Nousek+84_QQVul; MukaiCharles+86_QQVul; MukaiCharles+87_QQVul; Schwope+00_QQVul; Belle+00_QQVul; Catalan+99_QQVul; Watson+03_RocheTomography; Cropper+98Mass_QQVul; Cropper+98Polarimetry_QQVul; Ferrario+15
gaia-dr3:4226332451596335616,AE Aqr,magnetic_cv,IP,25;8,Ridder+23;Eracleous+91,"Ridder et al. (2023); Eracleous, Halpern & Patterson (1991)",2;25,Barrett+20;Ridder+23,Barrett et al. (2020); Ridder et al. (2023),Barrett+20; Ridder+23; Eracleous+91; Echevarria+08_AEAqr; Echevarria+21_AEAqr; Li+16_AEAqr; Mauche+06_AEAqr; Blinova+19_AEAqr; BookbinderLamb+87_AEAqr; Bastian+88_AEAqr; Abada-Simon+93; Madzime+21_AEAqr,Barrett+20 Table 1; Ridder+23 Table 3; Eracleous+91 Table 2; source-specific original papers,SIMBAD_AEAqr; GaiaDR3+22_AEAqr; BailerJones+21_AEAqr,GaiaDR3+22_AEAqr; BailerJones+21_AEAqr,Echevarria+08_AEAqr; Echevarria+21_AEAqr; Li+16_AEAqr; Mauche+06_AEAqr; Blinova+19_AEAqr; BookbinderLamb+87_AEAqr; Bastian+88_AEAqr; Abada-Simon+93; Eracleous+91; Madzime+21_AEAqr; Barrett+20; Ridder+23
gaia-dr3:6911950900211768704,HU Aqr,magnetic_cv,AM,18;25,Schwarz+09;Ridder+23,Schwarz et al. (2009); Ridder et al. (2023),2,Barrett+20,Barrett et al. (2020),Barrett+20;Ridder+23;Schwarz+09;Schwope+03_HUAqr;Schwope+11_HUAqr;Schwope+25_HUAqr;Bours+14_HUAqr;SchwopeThinius+18_HUAqr;Watson+03_RocheTomography;Ferrario+15,"Barrett+20 Tables 1-2; Ridder+23 Table 3 and §3.2; Schwarz+09 Tables 2a-3 and §§3.3-3.4; Schwope+03 cyclotron model and ephemeris; Schwope+11 Tables 1-2/Figs. 2-5; Schwope+25 Tables 2-3/Fig. 5/Appendix; Bours+14 Eq. 2 and §5; Schwope & Thinius+18 publisher abstract; Watson+03 Table 3 and §§3, 7.2; Ferrario+15 Table 2",SIMBAD_HUAqr;Schwope+03_HUAqr;Schwope+11_HUAqr;Schwope+25_HUAqr,GaiaDR3_HUAqr;VizieR_GaiaDR3_HUAqr;BailerJones+21_HUAqr,Schwope+03_HUAqr;Schwope+11_HUAqr;Schwope+25_HUAqr;Watson+03_RocheTomography;Schwarz+09;Bours+14_HUAqr;SchwopeThinius+18_HUAqr;Ferrario+15;Barrett+20;Ridder+23
gaia-dr3:2725143108496515840,V388 Peg,magnetic_cv,AM,25;9,Ridder+23;Evans+20,"Ridder et al. (2023); Evans et al. (2020, underlying Swift/2SXPS catalog)",2,Barrett+20,Barrett et al. (2020),Tovmassian+00_V388Peg;HarrisonCampbell+15_V388Peg;Barrett+20;Ridder+23;Evans+20;ZenginCamurdan+23_V388Peg;HernandezDiaz+25_V388Peg; Duffy+22_V388Peg; Abrahams+22_V388Peg; Pelisoli+24_V388Peg,Ridder+23 Table 3; Barrett+20 Tables 1–2; Hernández-Díaz+25 Table A.1; Tovmassian+00 §§2–5; Duffy+22 Appendix B Table B1; Abrahams+22 VizieR Table 1; Pelisoli+24 Appendix A Table A1,SIMBAD_V388Peg;Tovmassian+00_V388Peg,GaiaDR3_V388Peg;BailerJones+21_V388Peg;SIMBAD_V388Peg,Tovmassian+00_V388Peg;HarrisonCampbell+15_V388Peg;ZenginCamurdan+23_V388Peg;HernandezDiaz+25_V388Peg;Barrett+20;Ridder+23;Ferrario+15; Duffy+22_V388Peg; Abrahams+22_V388Peg
gaia-dr3:4112610784274894208,V2400 Oph,magnetic_cv,confirmed intermediate polar; accretion mode/flow interpretation varies by epoch,24;455;25,Webb+20;4XMMDR11_V2400Oph;Ridder+23,Webb et al. (2020) 4XMM catalogue; 4XMM-DR11 exact-source query; Ridder et al. (2023) conversion,25;136,Ridder+23;Ridder+26_Broadband,Ridder et al. (2023); Ridder et al. (2026),Buckley+95_V2400Oph; Ridder+23,Buckley+95 identification/period analysis; Ridder+23 Tables 1–3,SIMBAD_V2400Oph;GaiaDR3+22;Buckley+95_V2400Oph,GaiaDR3+22;BailerJones+21;SIMBAD_V2400Oph,Buckley+95_V2400Oph;Vaeth+97_V2400Oph;HellierBeardmore+02_V2400Oph;deMartino+04_SoftIPs;Langford+22_V2400Oph;Revnivtsev+04_V2400Oph;Yuasa+10_V2400Oph;Brunschweiger+09_V2400Oph;Suleimanov+19_V2400Oph;XuYuLi+19_V2400Oph;Shaw+20_V2400Oph;Hayashi+23_V2400Oph
gaia-dr3:4972697024889419520,CM Phe,non_magnetic_cv,non_magnetic_cv,9,Evans+20,Evans et al. (2020),10,Hewitt+20,Hewitt et al. (2020),Ridder+23; Hoard+01_CMPhe;WoudtWarner+02_FaintCVs;Froning+12_FUSECV;RawlsAAS211_CMPhe,Table 4,SIMBAD_CMPhe;GaiaDR3_CMPhe,GaiaDR3_CMPhe;BailerJones+21_CMPhe;GaiaDR2_CMPhe,Hoard+01_CMPhe;WoudtWarner+02_FaintCVs;Froning+12_FUSECV;RawlsAAS211_CMPhe
gaia-dr3:374510294830244992,RX And,non_magnetic_cv,non_magnetic_cv,9;460;25,Evans+20;2SXPS_RXAnd;Ridder+23,"Evans et al. (2020), 2SXPS; exact 2SXPS RX And query; Ridder et al. (2023) approximate band conversion",7,Coppejans+16,Coppejans et al. (2016),Ridder+23;Coppejans+16,Ridder+23 Table 4; Coppejans+16 Tables 1–4 and Appendix Table A1,SIMBAD_RXAnd;GaiaDR3_RXAnd;Coppejans+16,GaiaDR3_RXAnd;BailerJones+21_RXAnd;SIMBAD_RXAnd,Kaitchuck+89_RXAnd;Coppejans+16;Schreiber+02_RXAnd;Sion+01_RXAnd;Sepinsky+02_RXAnd;AraujoBetancor+05_STLMi;Knigge+06_DonorSequence;Harrison+18_ZCamDonors
gaia-dr3:78395045917118976,TT Ari,non_magnetic_cv,non_magnetic_cv,25;12,Ridder+23;Mauche+02,Ridder et al. (2023); Mauche & Mukai (2002) [underlying ASCA model],6,Coppejans+15,Coppejans et al. (2015),Ridder+23;Coppejans+15;Mauche+02;Gaensicke+99_TTAri;Wu+02_TTAri;RetterNaylor+00_V603Aql;AraujoBetancor+05_STLMi;Bruch+19_TTAri;Suleimanov+24_TTAri;GaiaDR3_TTAri;BailerJones+21_TTAri;SIMBAD_TTAri;2SXPS_TTAri,Ridder+23 Table 4; Coppejans+15 Tables 1–4; Mauche+02 Table 1; exact Gaia/Bailer-Jones/SIMBAD/2SXPS records,SIMBAD_TTAri;Gaensicke+99_TTAri;Wu+02_TTAri;Coppejans+15,GaiaDR3_TTAri;BailerJones+21_TTAri,Mauche+02;Coppejans+15;Ridder+23;Gaensicke+99_TTAri;Wu+02_TTAri;RetterNaylor+00_V603Aql;AraujoBetancor+05_STLMi;Bruch+19_TTAri;Suleimanov+24_TTAri;2SXPS_TTAri
gaia-dr3:5091939988633728640,IM Eri,non_magnetic_cv,non_magnetic_cv,3,Boller+16,Boller et al. (2016),10,Hewitt+20,Hewitt et al. (2020),Ridder+23;Hewitt+20;Armstrong+13_IMEri;Kato+18_IWAnd;Kato+19_IMEri;Boller+16,Table 4,SIMBAD_IMEri;Armstrong+13_IMEri,GaiaDR3_IMEri;GaiaDR2_IMEri;BailerJones+21_IMEri;BailerJones+18_IMEri,Armstrong+13_IMEri;Hewitt+20;Kato+18_IWAnd;Kato+19_IMEri
gaia-dr3:5553468275089335040,V347 Pup,non_magnetic_cv,non_magnetic_cv,9,Evans+20,Evans et al. (2020),10,Hewitt+20,Hewitt et al. (2020),Ridder+23;Hewitt+20;Thoroughgood+05_V347Pup;Buckley+90_V347Pup;Evans+20,Table 4,SIMBAD_V347Pup;GaiaDR3_V347Pup;Buckley+90_V347Pup,GaiaDR3_V347Pup;BailerJones+21_V347Pup;SIMBAD_V347Pup,Buckley+90_V347Pup;Thoroughgood+05_V347Pup;DiazHubeny+99_V347Pup;Mauche+94_V347Pup;Still+98_V347Pup;Hewitt+20;Ridder+23
gaia-dr3:674214551557961984,U Gem,non_magnetic_cv,non_magnetic_cv,24,Webb+20,Webb et al. (2020),7,Coppejans+16,Coppejans et al. (2016),Ridder+23;Coppejans+16;Echevarria+07_UGem;Long+06_UGem;Sion+98_UGem;LongGilliland+99_UGem;Naylor+05_UGem;UndaSanzana+06_UGem;Marsh+90_UGem;GaiaDR3_UGem;BailerJones+21_UGem;SIMBAD_UGem;Harrison+99_UGem;HarrisonJohnson+04_UGem;AraujoBetancor+05_STLMi,Ridder+23 Table 4; Coppejans+16 Tables 1–3 and A1; source-specific original sections/tables listed in measurement ledger,SIMBAD_UGem;GaiaDR3_UGem,GaiaDR3_UGem;BailerJones+21_UGem;Harrison+99_UGem;HarrisonJohnson+04_UGem,Echevarria+07_UGem;Long+06_UGem;Sion+98_UGem;LongGilliland+99_UGem;Naylor+05_UGem;UndaSanzana+06_UGem;Marsh+90_UGem;AraujoBetancor+05_STLMi
gaia-dr3:683908812437792000,YZ Cnc,non_magnetic_cv,non_magnetic_cv,25;24,Ridder+23;Webb+20,"Ridder et al. (2023), Table 4 approximate 4XMM-DR11 conversions; Webb et al. (2020), 4XMM catalog background/reference",7,Coppejans+16,Coppejans et al. (2016),vanParadijs+94_YZCnc;ShafterHessman+88_YZCnc;Patterson+79_YZCnc;Harrison+04_YZCnc;Thorstensen+03_YZCnc;Patterson+11_YZCnc;Dhillon+00_IRCVIII;SherringtonJameson+83_YZCnc;Zhao+05_YZCnc;UrbanSion+06_DNe;Verbunt+99_YZCnc;Hakala+04_YZCnc;Dai+26_YZSH;Dai+26_YZSpectra;;Ridder+23,Coppejans+16 Tables 1–4 and Appendix A1; Ridder+23 Table 4; Hakala+04 Table 2; Verbunt+99 Table 1; UrbanSion+06 Table 2; Dhillon+00 Tables 1 and 4,SIMBAD_YZCnc;GaiaDR3_YZCnc;Coppejans+16;vanParadijs+94_YZCnc,GaiaDR3_YZCnc;BailerJones+21_YZCnc;Harrison+04_YZCnc;Thorstensen+03_YZCnc;Coppejans+16,vanParadijs+94_YZCnc;ShafterHessman+88_YZCnc;Patterson+79_YZCnc;Patterson+11_YZCnc;Patterson+01_EpsilonQ;Patterson+05_EpsilonQ;Zhao+05_YZCnc;Dhillon+00_IRCVIII;SherringtonJameson+83_YZCnc;SmithDhillon+98_CVDonors;UrbanSion+06_DNe;Dai+26_YZSH;Dai+26_YZSpectra;Hakala+04_YZCnc;Verbunt+99_YZCnc
gaia-dr3:5515820034889610112,IX Vel,non_magnetic_cv,non_magnetic_cv,24;25;477;478;479,Webb+20;Ridder+23;4XMMDR11_IXVel;eRASS1_IXVel;Rodriguez+25_IXVel,Webb et al. (2020 DR9 paper); Ridder et al. (2023); 4XMM-DR11 (Webb et al. 2022); eRASS1 (Merloni et al. 2024); Rodriguez et al. (2025),10;482,Hewitt+20;Koerding+11_IXVel,Hewitt et al. (2020); Körding et al. (2011),Ridder+23;BeuermannThomas+90_IXVel;Linnell+07_IXVel;Long+94_IXVel;Kato+21_IXVel;Kara+23_IXVel;Rodriguez+25_IXVel,Beuermann & Thomas Tables 3/6; Linnell Tables 5/9; Kara Eq. 2; Hewitt Tables 2/3; Ridder Table 4; Rodriguez Table 2,SIMBAD_IXVel;GaiaDR3_IXVel;GaiaDR2_IXVel;BeuermannThomas+90_IXVel;Kara+23_IXVel,GaiaDR3_IXVel;BailerJones+21_IXVel;BailerJones+18_IXVel;SIMBAD_IXVel;Hewitt+20;Rodriguez+25_IXVel,BeuermannThomas+90_IXVel;Long+94_IXVel;Linnell+07_IXVel;Kato+21_IXVel;Kara+23_IXVel;Hewitt+20;Ridder+23;Koerding+11_IXVel;Rodriguez+25_IXVel
gaia-dr3:1091051096255456384,SU UMa,non_magnetic_cv,non_magnetic_cv,5,Collins+10;Ridder+23,Collins & Wheatley (2010) model; approximate comparison bands compiled in Ridder et al. (2023) Table 4,7,Coppejans+16;Benz+83_SUUMa;Fuerst+86_SUUMa,Coppejans et al. (2016) Tables 2–4 and Appendix A1; historical reports Benz et al. (1983) and Fürst et al. (1986),Ridder+23;Coppejans+16;Collins+10;ThorstensenWadeOke+86_SUUMa;Thorstensen+03_SUUMa;UrbanSion+06_DNe;Knigge+06_DonorSequence;Patterson+11_SUUMa;Benz+83_SUUMa;Fuerst+86_SUUMa,Ridder+23 Table 4; Coppejans+16 Tables 1–4 and Appendix A1; Collins+10 Tables 1–3; UrbanSion+06 Tables 1–2; Knigge+06 Tables 1–3; Patterson+11 Table 1; Thorstensen+03 Table 3,SIMBAD_SUUMa;GaiaDR3_SUUMa;Coppejans+16,GaiaDR3_SUUMa;BailerJones+21_SUUMa;Coppejans+16;Thorstensen+03_SUUMa,ThorstensenWadeOke+86_SUUMa;UrbanSion+06_DNe;Knigge+06_DonorSequence;Patterson+11_SUUMa;Collins+10;Ridder+23;Benz+83_SUUMa;Fuerst+86_SUUMa
gaia-dr3:1123169888190445568,Z Cam,non_magnetic_cv,non_magnetic_cv,17;25,Saitou+12;Ridder+23,Saitou et al. (2012); Ridder et al. (2023),7;74,Coppejans+16;Harrison+14_ZCam,Coppejans et al. (2016); Harrison (2014),Coppejans+16;Ridder+23;Saitou+12,Coppejans+16 Tables 3 and A1; Ridder+23 Table 4; Saitou+12 Table 1 and spectral fit,SIMBAD_ZCam;GaiaDR3_ZCam;Coppejans+16,GaiaDR3_ZCam;GaiaDR2_ZCam;BailerJones+21_ZCam;SIMBAD_ZCam;Thorstensen+03_ZCam;Coppejans+16;Harrison+18_ZCamDonors,ThorstensenRingwald+95_ZCam;Shafter+83_ZCam;Wade+81_ZCamThesis;Hartley+05_ZCam;Harrison+18_ZCamDonors;Boneva+24_ZCamATCnc;Saitou+12;Ridder+23;SzkodyWade+81_ZCam;GaiaDR2_ZCam
gaia-dr3:3769067109159364608,RW Sex,non_magnetic_cv,non_magnetic_cv,9,Evans+20,Evans et al. (2020),6;10,Coppejans+15;Hewitt+20,Coppejans et al. (2015);Hewitt et al. (2020),Coppejans+15;Hewitt+20;Ridder+23;Beuermann+92_RWSex;VandePutte+03_RWSex;Linnell+10_RWSex;GreensteinOke+82_RWSex;Mauche+88_RWSex;Prinja+03_RWSex;Hernandez+17_RWSex,"Coppejans+15 Tables 2–4 and §5; Hewitt+20 Tables 1–4 and §2.7; Ridder+23 Table 4 and §3.2; VandePutte+03 Tables 5,9,10 and §4.2; Linnell+10 Tables 6,9–11 and §§5–8; Greenstein & Oke+82 Tables/§§II,V/Appendix; Mauche+88 Table 1; Prinja+03 Table 1 and §§2–4; Hernandez+17 §2 and Halpha results",SIMBAD_RWSex;GaiaDR3_RWSex;Hewitt+20;Mauche+88_RWSex;Beuermann+92_RWSex,GaiaDR3_RWSex;BailerJones+21_RWSex;SIMBAD_RWSex;Hewitt+20;Ridder+23,Beuermann+92_RWSex;VandePutte+03_RWSex;Linnell+10_RWSex;GreensteinOke+82_RWSex;Mauche+88_RWSex;Prinja+03_RWSex;Hernandez+17_RWSex;Knigge+06_DonorSequence
gaia-dr3:3612227169936143360,QS Vir,non_magnetic_cv,WD+dMe eclipsing PCEB / pre-CV; low-accretion CV interpretation disputed,24;25;111;606;611,Webb+20;Ridder+23;Matranga+12_QSVir;Drake+14_QSVir;Ridder+25_QSVir,Webb et al. (2020) catalogue; Ridder et al. (2023) Table 4; Matranga et al. (2012); Drake et al. (2014); Ridder et al. (2025),25;611;612,Ridder+23;Ridder+25_QSVir;Ridder+25corr_QSVir,Ridder et al. (2023); Ridder et al. (2025) and corrigendum,Ridder+23;Ridder+25_QSVir;Ridder+25corr_QSVir,Ridder+23 Table 4; Ridder+25 Tables 1–4; 2025 corrigendum Table 2,SIMBAD_QSVir;ODonoghue+03_QSVir;Ridder+23,GaiaDR3+22_QSVir;BailerJones+21_QSVir;SIMBAD_QSVir;Ridder+23;4XMMDR11_QSVir,ODonoghue+03_QSVir;Parsons+11_QSVir;Matranga+12_QSVir;Parsons+16_QSVir;Drake+14_QSVir;Parsons+10b_QSVir;Qian+10_QSVir;Horner+13_QSVir;Pulley+25_QSVir
gaia-dr3:1326482511724121344,V1084 Her,non_magnetic_cv,SW Sex novalike; magnetic status debated,24,Webb+20,Webb et al. (2020),6,Coppejans+15,Coppejans et al. (2015),Mickaelian+02;Patterson+02;RodriguezGil+09;Worpel+20;Bruch+23;Ak+08;Coppejans+15;Ridder+23;Dağ+26,Mickaelian+02 Table 1; Patterson+02 Eqs. 1/3; Rodríguez-Gil+09 periodogram; Wörpel+20 Tables 1/5/6; Bruch+23 Table 3; Ak+08 Table 1; Coppejans+15 Tables 1–3; Ridder+23 Table 4; Dağ+26 source paragraph,SIMBAD_V1084Her;Mickaelian+02_V1084Her;Patterson+02_V1084Her,GaiaDR3_V1084Her;BailerJones+21_V1084Her;SIMBAD_V1084Her;Ak+08_V1084Her,Mickaelian+02_V1084Her;Patterson+02_V1084Her;RodriguezGil+09_V1084Her;Worpel+20_V1084Her;Bruch+23_V1084Her;Dag+26_V1084Her;Coppejans+15;Ridder+23
gaia-dr3:4339398736975240192,LS IV -08 3,non_magnetic_cv,UX UMa novalike,3,Boller+16,Boller et al. (2016),10,Hewitt+20,Hewitt et al. (2020),Stark+08_LSIV-08-3; Bruch+Diaz+17_LSIV-08-3; Hewitt+20; Ridder+23,Table 4,Stark+08_LSIV-08-3; SIMBAD_LSIV083; GaiaDR3_LSIV083,GaiaDR3_LSIV083; BailerJones+21_LSIV083; Stark+08_LSIV-08-3,Stark+08_LSIV-08-3; Bruch+Diaz+17_LSIV-08-3; Hewitt+20; Ridder+23; Boller+16; Voges+99; WGACAT_LSIV083
gaia-dr3:5818105674344768768,V341 Ara,non_magnetic_cv,nova-like CV; UX UMa-like spectrum; Fr 2-11 origin disputed,9,Evans+20,Evans et al. (2020),10,Hewitt+20,Hewitt et al. (2020),Ridder+23; CastroSegura+20_V341Ara; Ilkiewicz+26_V341Ara,Table 4; Castro Segura 2021 Tables 1-2; Hewitt 2020 Table 3; Ilkiewicz 2026 Figure 3,SIMBAD_V341Ara; Frew2008_Thesis_V341Ara; BondMiszalski+18_V341Ara; CastroSegura+20_V341Ara,GaiaDR3_V341Ara; BailerJones+21_V341Ara; SIMBAD_V341Ara; Frew2008_Thesis_V341Ara,Frew2008_Thesis_V341Ara; BondMiszalski+18_V341Ara; CastroSegura+20_V341Ara; Hewitt+20; Ilkiewicz+26_V341Ara
gaia-dr3:4266547566124966912,V603 Aql,non_magnetic_cv,non_magnetic_cv,25;9,Ridder+23;Evans+20,"Ridder et al. (2023); Evans et al. (2020, underlying 2SXPS catalog)",2;6;10;508;136,Barrett+20;Coppejans+15;Hewitt+20;Barrett+17_V603Aql;Ridder+26_Broadband,Barrett et al. (2020); Coppejans et al. (2015); Hewitt et al. (2020); Barrett et al. (2017); Ridder et al. (2026),Arenas+00_V603Aql;Barrett+17_V603Aql;Barrett+20;BruchCook+18_V603Aql;Coppejans+15;Harrison+13_V603Aql;Hewitt+20;Johnson+14_V603Aql;MukaiOrio+05_V603Aql;Patterson+97_V603Aql;PetersThorstensen+06_V603Aql;RetterNaylor+00_V603Aql;Ridder+23;Ridder+26_Broadband;Schaefer+18_V603Aql;Sion+15_V603Aql,"Arenas+00 abstract/§3–4; Barrett+17 Tables 3–4; Barrett+20 Tables 1–2; Bruch & Cook+18 period analysis; Coppejans+15 Tables 1–4; Harrison+13 Table 2; Hewitt+20 Tables 1,3; Johnson+14 light-curve analysis; Mukai & Orio+05 X-ray fits; Patterson+97 §§2,5–7; Ridder+23 Table 4/§3.2; Ridder+26 Tables 3–4",SIMBAD_V603Aql;GaiaDR3_V603Aql;Arenas+00_V603Aql,GaiaDR3_V603Aql;BailerJones+21_V603Aql;SIMBAD_V603Aql;Harrison+13_V603Aql;Schaefer+18_V603Aql,Arenas+00_V603Aql;BruchCook+18_V603Aql;Harrison+13_V603Aql;Johnson+14_V603Aql;MukaiOrio+05_V603Aql;Patterson+97_V603Aql;PetersThorstensen+06_V603Aql;RetterNaylor+00_V603Aql;Schaefer+18_V603Aql;Sion+15_V603Aql;Ridder+26_Broadband
gaia-dr3:6688624794231054976,V3885 Sgr,non_magnetic_cv,non_magnetic_cv,9;25,Evans+20;Ridder+23;2SXPS_V3885Sgr,"Evans et al. (2020), native 2SXPS; Ridder et al. (2023), model-converted comparison bands",10;25;94,Hewitt+20;Ridder+23;Koerding+11_V3885Sgr,"Hewitt et al. (2020), MeerKAT; Ridder et al. (2023), compilation; Körding et al. (2011), ATCA",CowleyCramptonHesser+77_V3885Sgr;Hartley+05_V3885Sgr;RibeiroDiaz+07_V3885Sgr;Linnell+09_V3885Sgr;Prinja+12_V3885Sgr;Koerding+11_V3885Sgr;Hewitt+20;Ridder+23;GilmozziSelvelli+24_V3885Sgr,Hartley spectroscopy/period; Ribeiro & Diaz ephemeris; Linnell Tables 4/8; Körding Table 1; Hewitt Tables 1/3; Ridder Table 4; Gilmozzi & Selvelli Tables 2/4 and Appendix A.1,SIMBAD_V3885Sgr;GaiaDR3_V3885Sgr;CowleyCramptonHesser+77_V3885Sgr,GaiaDR3_V3885Sgr;BailerJones+21_V3885Sgr;SIMBAD_V3885Sgr,Hartley+05_V3885Sgr;RibeiroDiaz+07_V3885Sgr;Linnell+09_V3885Sgr;Prinja+12_V3885Sgr;Koerding+11_V3885Sgr;Hewitt+20;Ridder+23;GilmozziSelvelli+24_V3885Sgr;2SXPS_V3885Sgr;BruchEngel+94_V3885Sgr;Verbunt+87_V3885Sgr
gaia-dr3:6749618724313541760,V5662 Sgr,non_magnetic_cv,short-period CV; DN-like/novalike subtype unresolved,3;25,Boller+16;Ridder+23,Boller et al. (2016); Ridder et al. (2023),10;25,Hewitt+20;Ridder+23,Hewitt et al. (2020); Ridder et al. (2023),Tappert+04_CTCV;Hewitt+20;Ridder+23,"Tappert+04_CTCV Tables 3,7,9; Hewitt+20 Tables 1-4; Ridder+23 Table 4",SIMBAD_V5662Sgr;GaiaDR3_V5662Sgr;BailerJones+21_V5662Sgr,SIMBAD_V5662Sgr;GaiaDR3_V5662Sgr;BailerJones+21_V5662Sgr,Tappert+04_CTCV;Boller+16;Hewitt+20;Ridder+23;GaiaDR3_V5662Sgr;BailerJones+21_V5662Sgr
gaia-dr3:1972957892448494592,SS Cyg,non_magnetic_cv,non_magnetic_cv,16,Russell+16,Russell et al. (2016),16,Russell+16;Koerding+08_SSCyg;MillerJones+13_SSCyg;Fender+19_SSCyg,Russell et al. (2016);Körding et al. (2008);Miller-Jones et al. (2013);Fender et al. (2019),Ridder+23;Bitner+07_SSCyg;Harrison+16_SSCyg;Sion+10_SSCyg;SionGodon+15_SSCyg;MillerJones+13_SSCyg;NelanBond+13_SSCyg;Harrison+99_SSCyg;HarrisonJohnson+04_SSCyg;HarrisonMcArthur+16_AAS227;Koerding+08_SSCyg;Wheatley+03_SSCyg;Fender+19_SSCyg;Ishida+26_SSCyg;MaucheRobinson+01_SSCyg;Sharp+26_SSCyg,Table 4,SIMBAD_SSCyg;GaiaDR3_SSCyg;MillerJones+13_SSCyg,GaiaDR3_SSCyg;BailerJones+21_SSCyg;MillerJones+13_SSCyg;NelanBond+13_SSCyg;Harrison+99_SSCyg;HarrisonJohnson+04_SSCyg;HarrisonMcArthur+16_AAS227,Bitner+07_SSCyg;Harrison+16_SSCyg;Sion+10_SSCyg;SionGodon+15_SSCyg;MaucheRobinson+01_SSCyg;Ishida+26_SSCyg;Sharp+26_SSCyg;Wheatley+03_SSCyg;Koerding+08_SSCyg;Fender+19_SSCyg;Ridder+23
gaia-dr3:6050296829033196032,AR Sco,white_dwarf_pulsar,WDP,11;25,Marsh+16;Ridder+23,"Marsh et al. (2016); Ridder et al. (2023), Table 3 comparison compilation",11;25;656;108;658,Marsh+16;Ridder+23;Stanway+18_ARSco;Marcote+17_ARSco;BarrettGurwell+25_ARSco,Marsh et al. (2016); Ridder et al. (2023); Stanway et al. (2018); Marcote et al. (2017); Barrett & Gurwell (2025),Marsh+16;Buckley+17_ARSco;Katz+17_ARSco;Marcote+17_ARSco;duPlessis+19_ARSco;Garnavich+21_ARSco;Pelisoli+22_ARSco;Ridder+23;Jiang+23_ARSco;Stanway+18_ARSco;duPlessis+22_ARSco;Garnavich+23_ARSco;duPlessis+24_ARSco;Lyutikov+20_ARSco;BarrettGurwell+25_ARSco;Buckley+26_ARSco,Marsh+16 Extended Data Tables 1–3 and notes; Buckley+17 Methods/Figs 2–4; Katz+17 Table 1; Marcote+17 §§2–4/Figs 1–2; duPlessis+19 §3/Fig 3; Garnavich+21 §§2–4; Pelisoli+22 Table 1/§§3–5; Ridder+23 Table 3; Jiang+23 Table 3/§4.1; Stanway+18 Table 1/§§3–5; duPlessis+22 §§3–4; Garnavich+23 Table 1; BarrettGurwell+25 Tables 1–3/§§3–4; Lyutikov+20; Buckley+26 §§2–5,SIMBAD_ARSco;GaiaDR3_ARSco,GaiaDR3_ARSco;BailerJones+21_ARSco;Jiang+23_ARSco;SIMBAD_ARSco,Marsh+16;Buckley+17_ARSco;Katz+17_ARSco;duPlessis+19_ARSco;Garnavich+21_ARSco;Pelisoli+22_ARSco;duPlessis+22_ARSco;Garnavich+23_ARSco;Lyutikov+20_ARSco;BarrettGurwell+25_ARSco;Buckley+26_ARSco
gaia-dr3:6712706405280342784,J191213.72-441045.1,white_dwarf_pulsar,WDP,27,Schwope+23,Schwope et al. (2023),26;666,Pelisoli+23;Meintjes+25_J1912,Pelisoli et al. (2023); Meintjes et al. (2025),Pelisoli+23;Schwope+23;Pelisoli+23_J1912UV;Meintjes+25_J1912;Minnie+25_J1912,Pelisoli+23 main text/supplement; Schwope+23 Table 1; Pelisoli+23_J1912UV Table 2; Meintjes+25 figures; Minnie+25 timing/SED figures,Pelisoli+23;Schwope+23;SIMBAD_J1912,GaiaDR3_J1912;BailerJones+21_J1912,Pelisoli+23;Schwope+23;Pelisoli+23_J1912UV;Meintjes+25_J1912;Minnie+25_J1912
gaia-dr3:855784912471554176,ILT J1101+5521,long_period_transient,WD+M detached,28,deRuiter+25,de Ruiter et al. (2025),28,deRuiter+25,de Ruiter et al. (2025),deRuiter+25; Rodriguez+26,"deRuiter+25 main text, Methods, Supplementary Table 1 and Extended Data Table 1; Rodriguez+26 Tables 1–2 and §§2–5",deRuiter+25;Rodriguez+26;GaiaDR3_ILTJ1101;SIMBAD_ILTJ1101,GaiaDR3_ILTJ1101;BailerJones+21_ILTJ1101;deRuiter+25,deRuiter+25;Rodriguez+26
gaia-dr3:5566254014771398912,GLEAM-X J0704-37,long_period_transient,WD+M detached,30,Hurley-Walker+24,Hurley-Walker et al. (2024),30,Hurley-Walker+24,Hurley-Walker et al. (2024),Hurley-Walker+24;Rodriguez+25;Rodriguez+26,Hurley-Walker+24 §§2–3/Fig. 1; Rodriguez+25 Table 2 and Appendices A/C/E; Rodriguez+26 Table 2 and Figs. 1/6,Hurley-Walker+24;Rodriguez+25;GaiaDR3_GLEAMXJ0704;SIMBAD_GLEAMXJ0704,GaiaDR3_GLEAMXJ0704;BailerJones+21_GLEAMXJ0704;SIMBAD_GLEAMXJ0704;Hurley-Walker+24,Hurley-Walker+24;Rodriguez+25;Rodriguez+26
name:chime-ilt-j1634-plus-44,CHIME/ILT J1634+44,long_period_transient,LPT; WD-containing candidate; NS-like/pulsar-like alternative; no Gaia counterpart,32;33;526;527,Bloot+25;Dong+25;Ng+25_ATel17474;Lundy+25_ATel17478,Bloot et al. (2025);Dong et al. (2025);Ng et al. (2025) ATel 17474;Lundy et al. (2025) ATel 17478,32;33;523;524;525;528;529,Bloot+25;Dong+25;Fedorova+25_ATel17333;Shin+25_ATel17434;Men+25_ATel17440;Dudeja+25_ATel17562;Dudeja+25_ATel17565,Bloot et al. (2025);Dong et al. (2025);Fedorova & Rodin (2025) ATel 17333;Shin et al. (2025) ATel 17434;Men et al. (2025) ATel 17440;Dudeja et al. (2025) ATels 17562/17565,Bloot+25; Dong+25,"Bloot+25 Tables 1–4, §§2–4 and Appendix A; Dong+25 Tables 1–4, §§2–6 and Appendices A–C; later ATels #17333, #17434, #17440, #17474, #17478, #17562, #17565",Bloot+25;Dong+25;SIMBAD_CHIME1634,Bloot+25;Dong+25;SIMBAD_CHIME1634;GaiaDR3_CHIME1634,Bloot+25;Dong+25;Zhan+26;Horvath+26
gaia-dr3:5946454415417964032,ASKAP J174508.9-505149,long_period_transient,accreting magnetic CV,35;34,Imbrogno+26;Rose+26,Imbrogno et al. (2026);Rose et al. (2026),34;538;35,Rose+26;Imbrogno+26;Rose+26_data,Rose et al. (2026);Imbrogno et al. (2026);Rose et al. (2026) Zenodo Supplementary Data 1,Rose+26; Imbrogno+26; Knigge+26,"Rose+26 Extended Data Table 1, Supplementary Information Tables 1–4 and §§Methods; Rose+26 Supplementary Data 1; Imbrogno+26 Table C1, Tables A1/B1 and Appendices A–D; Knigge+26 Table 1, Figs. 5–6 and §§2–4",Rose+26;Imbrogno+26;Knigge+26;SIMBAD_ASKAP174508,Rose+26;GaiaDR3_ASKAP174508;VizieR_GaiaDR3_ASKAP174508;SIMBAD_ASKAP174508,Rose+26;Imbrogno+26;Knigge+26;RoseCode_ASKAP174508
