observation_id,source_id,source_name,source_row_number,observational_class_code,published_subclass,radio_band_ghz_as_reported,reported_flux_text,flux_quantity_kind,flux_density_uJy,error_minus_uJy,error_plus_uJy,upper_limit_uJy,reported_range_lower_uJy,reported_range_upper_uJy,peak_brightness_uJy,peak_brightness_error_minus_uJy,peak_brightness_error_plus_uJy,peak_brightness_lower_uJy,peak_brightness_upper_uJy,numeric_value_withheld_reason,is_upper_limit,flux_uncertainty_convention,flux_method_and_state,radio_evidence_label,circular_polarization_as_reported,radio_reference_keys,radio_reference_ids,measurement_reference_keys,measurement_ids,measurement_link_basis,epoch_band_state_and_other_notes
R0001,gaia-dr3:5041907811522399488,EQ Cet,1,magnetic_cv,AM,20.060-22.108,96 +/- 30,Point flux density,96,30,30,,,,,,,,,,false,"Reported flux error; confidence convention not separately stated in Table 1; table S/N 11.2 is a custom joint statistic, not Stokes-I S/N","VLA Stokes-I imaging, point-source flux; K-band; VLA semester 15A; exact date and state not specified in table",Reported detection; significance not harmonized,+100 +/- 70,Barrett+20,2,Barrett+20,M00055,"displayed observable, value, and uncertainties match the cited record; available band and observing-epoch descriptors agree",Converted from combined_mcv_sources.csv. X-ray flux from Ridder+23 Table 3.
R0002,gaia-dr3:558935743846455296,Cas 1,2,magnetic_cv,IP candidate; magnetic classification disputed,4.464-6.512,21 +/- 10,Point flux density,21,10,10,,,,,,,,,,false,"Reported table uncertainty; I/error=2.1, marginal",VLA Stokes I; semester 13B,Marginal reported signal,-100 +/- 39,Barrett+20,2,Barrett+20,M00123,"displayed value matches the cited record; uncertainty support is incomplete, so the association is qualified",Identity aliases RX J0153.3+7446 = 1RXS J015317.9+744641; Gaia DR3 source ID is an exact-name counterpart. CV identification is supported by the optical emission-line spectrum. IP/magnetic classification is disputed: the original ROSAT paper says the 1414 s modulation requires confirmation; Norton+06 favors an IP/1974 s spin interpretation but RXTE did not confirm coherent periods; Bruch+25 does not consider IP status established; an ARIES 2026 seminar abstract says non-magnetic but provides no linked analysis. Orbital period 0.16415(1) d from emission-line velocities. Barrett+20 C-band Stokes I 21 +/- 10 uJy is marginal (2.1 from I/error); Ridder+23 excludes it from their luminosity comparison below 3 sigma. Distance is Bailer-Jones Gaia EDR3 geometric posterior median 1367.0 pc with 16th/84th percentiles 1279.8/1474.4 pc; the older 1608 pc Barrett+20 value is retained as a competing Gaia DR2-based entry in the measurement ledger. See audit notes and review queue.
R0003,gaia-dr3:2507796391561705728,FL Cet,3,magnetic_cv,AM Her polar; eclipsing; synchronized,7.928-12.024,11 +/- 5,Point flux density,11,5,5,,,,,,,,,,false,Quoted table uncertainty; treated as 1σ for I/error significance check,VLA Stokes-I imaging; Semester 18A; state/date unspecified,Marginal reported signal,+100 +/- 53,Barrett+20,2,Barrett+20,M00214,"displayed observable, value, and uncertainties match the cited record; available band and observing-epoch descriptors agree","FL Cet = SDSS J015543.40+002807.2; exact Gaia DR3 counterpart. Catalog distance uses Bailer-Jones geometric posterior median 317.594 pc; legacy 319 pc and Schmidt+05 model distance ~290 pc retained as alternatives in audit. Orbital-period value is ODonoghue+06 eclipse ephemeris; competing Schmidt+05 value remains separate. Barrett+20 X-band I=11±5 uJy (2.2 sigma by I/error) is a marginal reported signal, not an upper limit; Ridder+23 excludes it below 3 sigma. Distinct WD Zeeman/cyclotron fields and model caveats are in rawdog_measurements.csv."
R0004,gaia-dr3:107522105369340800,BS Tri,4,magnetic_cv,AM,7.964-10.012,57 +/- 9,Point flux density,57,9,9,,,,,,,,,,false,Not specified for this summary value; see linked measurement records,VLA X-band Stokes-I continuum; 2015A semester; exact date/state not stated,Reported detection; significance not harmonized,+100 +/- 45,Barrett+20,2,Barrett+20; Ridder+23,M00309,"displayed observable, value, and uncertainties match the cited record; available band and observing-epoch descriptors agree","Converted from combined_mcv_sources.csv. X-ray flux from Ridder+23 Table 3. Audit update: scalar Porb=1.6051450176 h (Borisov+15 value quoted by Kolbin+22); Denisenko+06 96.264±0.0288 min and uncertain TESS 96.30260±0.00240 min remain separate in rawdog_measurements.csv. X-ray fluxes are Ridder+23 model conversions of ROSAT catalog data, not source-specific spectral fits."
R0005,gaia-dr3:5099482805904892288,EF Eri,5,magnetic_cv,AM,7.964-10.012,87 +/- 15,Point flux density,87,15,15,,,,,,,,,,false,Not specified for this summary value; see linked measurement records,VLA X-band Stokes I; Semester 13B,Reported detection; significance not harmonized,-100 +/- 30,Barrett+20,2,Barrett+20,M00422,"displayed observable, value, and uncertainties match the cited record; available band and observing-epoch descriptors agree",Converted from combined_mcv_sources.csv. X-ray flux from Ridder+23 Table 3. Updated audit: preferred Gaia DR3/Bailer-Jones geometric posterior 160.257 (+3.850/-3.518) pc; historic Thorstensen+03 163(+66/-50) pc and 113(+19/-16) prior alternative preserved in ledger. Orbital period is 0.05626586 d from Bailey+82; Howell+06 quotes an uncertainty ten times larger than Bailey/Khangale. Ridder+23 1–10 keV value is compiled with unresolved derivation; low-state XMM 0.1–10 keV remains 6.0e-14. 2023 high-state X-ray and 2017/2025 radio measurements are separately recorded by epoch/state.
R0006,gaia-dr3:5084805635638179584,UZ For,6,magnetic_cv,AM,4.464-6.512,78 +/- 9,Point flux density,78,9,9,,,,,,,,,,false,Not specified for this summary value; see linked measurement records,VLA C-band Stokes-I flux density in magnetic-CV compilation; Semester 2015A; table does not specify exact date/sub-block or source state,Reported detection; significance not harmonized,-100 +/- 42,Barrett+20,2,Barrett+20,M00558,"displayed observable, value, and uncertainties match the cited record; available band and observing-epoch descriptors agree","Converted from combined_mcv_sources.csv. Radio scalar 78±9 μJy is Barrett+20 Table 1; the 2015 Barrett+17 printed/VizieR flux discrepancy and June upper limit are retained separately in the measurement ledger. X-ray fluxes are Ridder+23 Table 3 unabsorbed model-converted estimates referencing Still+01, tied to the 2001 low-state XMM burst; not persistent-state fluxes."
R0007,gaia-dr3:3393408546234335488,RXJ0502.8+1624 (Tau 4),7,magnetic_cv,AM,7.964-10.012,105 +/- 32,Point flux density,105,32,32,,,,,,,,,,false,Published uncertainty; confidence convention not specified,VLA Stokes I continuum; 2015A; exact date/state absent,Reported detection; significance not harmonized,-100 +/- 69,Barrett+20,2,Barrett+20,M00649,"displayed observable, value, and uncertainties match the cited record; available band and observing-epoch descriptors agree","Legacy radio/X-ray values retained. Orbital period 1.50? h is superseded by Littlefield+20 K2 ephemeris (1.59277896±0.00000552 h). X-ray values are Ridder+23 Table 3 unabsorbed model-converted RASS flux estimates, not source-specific fitted fluxes; underlying 2RXS source has 29.72±6.24 counts (Boller+16). Radio is Barrett+20 2015A X-band detection. Property/provenance details are in rawdog_measurements.csv."
R0008,gaia-dr3:1099223590090176896,LW Cam,8,magnetic_cv,AM,7.928-12.024,50 +/- 4,Point flux density,50,4,4,,,,,,,,,,false,Image/residual-noise uncertainty; table does not specify confidence level,JVLA X-band Stokes-I image measurement; 2018A; ~10-minute integration,Reported detection; significance not harmonized,-100 +/- 9,Barrett+20,2,Barrett+20,M00786,"displayed observable, value, and uncertainties match the cited record; available band and observing-epoch descriptors agree",Converted from combined_mcv_sources.csv. X-band setup marked with superscript a in the table. X-ray flux from Ridder+23 Table 3.;Primary Porb=0.06754658±0.000005 d =97.2671±0.0072 min from Tovmassian+01; exact Gaia-matched TESS result 97.262±0.025 min is consistent but at Tmag=17.737 lies in the paper’s general reliability-caution regime. Current X-ray fluxes are Ridder+23 model-converted RASS estimates; underlying ROSAT source catalog reference remains Voges+99.
R0009,gaia-dr3:5719598950133755392,VV Pup,9,magnetic_cv,AM,7.964-10.012,79 +/- 14,Point flux density,79,14,14,,,,,,,,,,false,Table quoted flux error; confidence convention not stated,VLA continuum Stokes I; VLA semester 13B; exact date/state not in table,Reported detection; significance not harmonized,+100 +/- 42,Barrett+20,2,Barrett+20,M05358,"displayed observable, value, and uncertainties match the cited record; available band and observing-epoch descriptors agree",Converted from combined_mcv_sources.csv. X-ray flux from Ridder+23 Table 3.
R0010,gaia-dr3:719893044876142848,FR Lyn,10,magnetic_cv,AM,7.928-12.024,28 +/- 4,Point flux density,28,4,4,,,,,,,,,,false,Table 1 uncertainty,VLA Stokes I flux density; Semester 18A; exact date/state absent,Reported detection; significance not harmonized,-52 +/- 17,Barrett+20,2,Barrett+20,M05457,"displayed observable, value, and uncertainties match the cited record; available band and observing-epoch descriptors agree","FR Lyn Barrett+20 Table 1: Semester 18A X band 7.928-12.024 GHz, I=28 +/- 4 uJy, RR=12 +/- 6, LL=38 +/- 6 uJy, CP=-52 +/- 17%, radio-optical offset=0.13 +/- 0.22 arcsec; no FR Lyn K row. Ridder+23 Table 3: 480 (+50/-40) pc Gaia EDR3/Bailer-Jones distance and model-converted ROSAT X-ray bands. Current Porb=113.55984 min = 1.892664 h from Kolbin+23; Dillon+08 113.26 +/- 0.03 min was called Porb under the synchronous-polar assumption and remains a historical photometric signal in the ledger."
R0011,gaia-dr3:5719598950133755392,VV Pup,11,magnetic_cv,AM,20.060-22.108,49 +/- 29,Point flux density,49,29,29,,,,,,,,,,false,Table quoted flux error; confidence convention not stated,VLA continuum Stokes I; VLA semester 13B; exact date/state not in table,Marginal reported signal,+37 +/- 57,Barrett+20,2,Barrett+20,M05365,"displayed observable, value, and uncertainties match the cited record; available band and observing-epoch descriptors agree","Corrected source assignment 2026-09-25 after checking Barrett+20 Table 1 p. 1228: the 20.060-22.108 GHz 49 +/- 29 uJy, +37 +/- 57% row is VV Pup Semester 13B K band, not FR Lyn. FR Lyn is listed only at Semester 18A X band. The radio observation is retained under VV Pup."
R0012,gaia-dr3:583340808875713280,Hya 1,12,magnetic_cv,Confirmed polar (AM Her); Porb 2.398831752 h; radio point marginal in Stokes I,7.928-12.024,6 +/- 6,Point flux density,6,6,6,,,,,,,,,,false,Reported ±1σ in Table 1,VLA Stokes-I image flux density; Project 18A; exact date/state not specified,Marginal reported signal,-100 +/- 39,Barrett+20,2,Barrett+20,M00889,"displayed observable, value, and uncertainties match the cited record; available band and observing-epoch descriptors agree","Corrected identity: Pelisoli et al. (2024) explicitly list RX J0859.1+0537 (Hya 1); Gaia DR3 583340808875713280 is the secure counterpart. SIMBAD exact identifier [DWS97] Hya 1 instead resolves to MM Hya / PG 0911-066, Gaia DR3 5745881603063095680, a separate system and rejected cross-match. Coordinates are Gaia ICRS propagated to J2000.0. Adopted distance is Bailer-Jones+21 Gaia EDR3 geometric posterior median 440.867584 pc; adopted Porb is Beuermann+21 24-minimum BJD(TDB) ephemeris, 2.398831752 h. Barrett+20 radio Stokes I=6±6 μJy remains a reported marginal point; Ridder+23 places it below 3σ. See measurement ledger and Hya 1 source note for distinct historical values and unresolved field/geometry questions."
R0013,gaia-dr3:594162958230409088,HS0922+1333,13,magnetic_cv,Synchronous polar / AM Her; LARP-pre-polar and transfer state disputed,7.928-12.024,8 +/- 5,Point flux density,8,5,5,,,,,,,,,,false,Quoted uncertainty; nominal I/sigma=1.6,VLA X-band Stokes-I continuum survey; VLA semester 2018A,Marginal reported signal,+25 +/- 100,Barrett+20,2,Barrett+20,M01086,"displayed observable, value, and uncertainties match the cited record; available band and observing-epoch descriptors agree",Converted from combined_mcv_sources.csv. X-band setup marked with superscript a in the table.;Audit correction: distance_pc is the Bailer-Jones+21 Gaia EDR3 geometric posterior median 163.925 pc (16th/84th percentiles 161.624/166.157 pc); the printed Barrett+20 Table 2 value of 8 pc is retained as an unexplained literature conflict and is not adopted.;Adopted Porb=0.1683125(5) d = 4.039500 h from Parsons+21 Table 2; Tovmassian & Zharikov+07 gives 4.0395 +/- 0.0001 h. The Reimers & Hagen+00 244 +/- 2 min modulation is the cyclotron/WD-spin period and is consistent within its uncertainty; synchronism is established by later spectroscopy.
R0014,gaia-dr3:755705822218381184,WX LMi,14,magnetic_cv,AM,4.464-6.512,73 +/- 12,Point flux density,73,12,12,,,,,,,,,,false,Quoted Table 1 uncertainty; nominal Stokes-I significance from flux/error,VLA continuum Stokes I; VLA semester 2015A; exact calendar observing date/state not specified,Reported detection; significance not harmonized,+31 +/- 34,Barrett+20,2,Barrett+20,M01200,"displayed observable, value, and uncertainties match the cited record; available band and observing-epoch descriptors agree","Converted from combined_mcv_sources.csv. X-ray flux from Ridder+23 Table 3.; Source audit: Gaia EDR3 BJ21 geometric posterior adopted (96.7808 pc, p16/p84 96.226/97.268); 2.78216736(1032) h is Vogel+07 long-baseline Porb. C and X radio rows remain distinct Barrett+20 bands. Ridder+23 X-ray 0.1–10 keV value retained pending model/band conversion review WXLMI-004; see ledger and source note."
R0015,gaia-dr3:755705822218381184,WX LMi,15,magnetic_cv,AM,7.964-10.012,52 +/- 14,Point flux density,52,14,14,,,,,,,,,,false,Quoted Table 1 uncertainty; nominal Stokes-I significance from flux/error,VLA continuum Stokes I; VLA semester 2015A; exact calendar observing date/state not specified,Reported detection; significance not harmonized,-19 +/- 30,Barrett+20,2,Barrett+20,M01205,"displayed observable, value, and uncertainties match the cited record; available band and observing-epoch descriptors agree","Converted from combined_mcv_sources.csv. X-ray flux from Ridder+23 Table 3.; Source audit: Gaia EDR3 BJ21 geometric posterior adopted (96.7808 pc, p16/p84 96.226/97.268); 2.78216736(1032) h is Vogel+07 long-baseline Porb. C and X radio rows remain distinct Barrett+20 bands. Ridder+23 X-ray 0.1–10 keV value retained pending model/band conversion review WXLMI-004; see ledger and source note."
R0016,gaia-dr3:3996419759863758592,ST LMi,16,magnetic_cv,AM,7.964-10.012,153 +/- 12,Point flux density,153,12,12,,,,,,,,,,false,Quoted table uncertainty,VLA X-band continuum imaging; Stokes I; 2015A,Reported detection; significance not harmonized,-100 +/- 20,Barrett+20,2,Barrett+20,M01290,"displayed observable, value, and uncertainties match the cited record; available band and observing-epoch descriptors agree","Converted from combined_mcv_sources.csv. X-ray flux from Ridder+23 Table 3.; Source-by-source audit: one catalog row is one 2015A Barrett+20 X-band detection; historical Pavelin+94 and later 2017/2025 VLA measurements remain separate in rawdog_measurements.csv. Ridder+23 Table 3 X-ray bands are catalog conversions from Webb+20/4XMM, not an ST LMi spectral fit; see measurement ledger and STLMI-009."
R0017,gaia-dr3:783921244796958208,AR UMa,17,magnetic_cv,AM,4.464-6.512,489 +/- 16,Point flux density,489,16,16,,,,,,,,,,false,Not specified for this summary value; see linked measurement records,VLA Stokes I flux-density measurement.; Semester 13B; exact observing date and accretion state not specified in Barrett+20 Table 1.,Reported detection; significance not harmonized,+7 +/- 4,Barrett+20,2,Barrett+20,M01417,"displayed observable, value, and uncertainties match the cited record; available band and observing-epoch descriptors agree","Converted from combined_mcv_sources.csv. X-ray flux from Ridder+23 Table 3.; Source audit 2026-09-23: one system with three separate Barrett+20 Semester 13B C/X/K radio measurements; exact observing date/state unavailable. Ridder+23 X-ray values are converted model estimates from Szkody+99, with per-state mapping/conversion caveat in ledger and ARUMA-003. Full source audit checkpoint is in rawdog_source_audit_notes.md."
R0018,gaia-dr3:783921244796958208,AR UMa,18,magnetic_cv,AM,7.964-10.012,432 +/- 14,Point flux density,432,14,14,,,,,,,,,,false,Not specified for this summary value; see linked measurement records,VLA Stokes I flux-density measurement.; Semester 13B; exact observing date and accretion state not specified in Barrett+20 Table 1.,Reported detection; significance not harmonized,+5 +/- 4,Barrett+20,2,Barrett+20,M01423,"displayed observable, value, and uncertainties match the cited record; available band and observing-epoch descriptors agree","Converted from combined_mcv_sources.csv. X-ray flux from Ridder+23 Table 3.; Source audit 2026-09-23: one system with three separate Barrett+20 Semester 13B C/X/K radio measurements; exact observing date/state unavailable. Ridder+23 X-ray values are converted model estimates from Szkody+99, with per-state mapping/conversion caveat in ledger and ARUMA-003. Full source audit checkpoint is in rawdog_source_audit_notes.md."
R0019,gaia-dr3:783921244796958208,AR UMa,19,magnetic_cv,AM,20.060-22.108,317 +/- 30,Point flux density,317,30,30,,,,,,,,,,false,Not specified for this summary value; see linked measurement records,VLA Stokes I flux-density measurement.; Semester 13B; exact observing date and accretion state not specified in Barrett+20 Table 1.,Reported detection; significance not harmonized,-1 +/- 13,Barrett+20,2,Barrett+20,M01429,"displayed observable, value, and uncertainties match the cited record; available band and observing-epoch descriptors agree","Converted from combined_mcv_sources.csv. X-ray flux from the second AR UMa entry in Ridder+23 Table 3.; Source audit 2026-09-23: one system with three separate Barrett+20 Semester 13B C/X/K radio measurements; exact observing date/state unavailable. Ridder+23 X-ray values are converted model estimates from Szkody+99, with per-state mapping/conversion caveat in ledger and ARUMA-003. Full source audit checkpoint is in rawdog_source_audit_notes.md."
R0020,gaia-dr3:4019704731785215360,EU UMa,20,magnetic_cv,AM,7.928-12.024,39 +/- 5,Point flux density,39,5,5,,,,,,,,,,false,Not specified for this summary value; see linked measurement records,VLA Stokes I source flux density.; 2018A semester; exact date/state not tabulated,Reported detection; significance not harmonized,+1 +/- 14,Barrett+20,2,Barrett+20,M01555,"displayed observable, value, and uncertainties match the cited record; available band and observing-epoch descriptors agree",Converted from combined_mcv_sources.csv. X-band setup marked with superscript a in the table. X-ray compatibility flux 6(+2/-5)×10^-13 erg cm^-2 s^-1 is copied from Ridder+23 Table 3 but numerically matches Ramsay+04 Table 2 bolometric hard-component flux; no verified 1–10 keV conversion. Barrett+20 has a 2018A X-band detection; Barrett+17 2013 C/X/K observations were nondetections with source-reported upper-limit estimates in the measurement ledger.
R0021,gaia-dr3:6179636986011888512,V1043 Cen,21,magnetic_cv,AM,7.928-12.024,20 +/- 5,Point flux density,20,5,5,,,,,,,,,,false,Barrett+20 quoted; confidence convention not stated.,VLA X-band Stokes I.; Semester 18A; exact exposure date/state absent.,Reported detection; significance not harmonized,-100 +/- 53,Barrett+20,2,Barrett+20,M01675,"displayed observable, value, and uncertainties match the cited record; available band and observing-epoch descriptors agree",Converted from combined_mcv_sources.csv. X-band setup marked with superscript a in the table. X-ray flux from Ridder+23 Table 3.
R0022,gaia-dr3:6231616192056505984,J1503-2207,22,magnetic_cv,AM,7.928-12.024,29 +/- 5,Point flux density,29,5,5,,,,,,,,,,false,Quoted uncertainty; not an upper limit,VLA X-band Stokes I; Semester 18A; exact date/state not tabulated,Reported detection; significance not harmonized,+100 +/- 14,Barrett+20,2,Barrett+20,M01748,"displayed observable, value, and uncertainties match the cited record; available band and observing-epoch descriptors agree",Converted from combined_mcv_sources.csv. X-band setup marked with superscript a in the table. X-ray flux from Ridder+23 Table 3.
R0023,gaia-dr3:1374430388449392000,BM CrB,23,magnetic_cv,AM,7.964-10.012,43 +/- 15,Point flux density,43,15,15,,,,,,,,,,false,Published ± uncertainty; confidence convention not stated,VLA Stokes I continuum measurement; Semester 13B; state/date not stated,Reported detection; significance not harmonized,-100 +/- 41,Barrett+20,2,Barrett+20,M01883,"displayed observable, value, and uncertainties match the cited record; available band and observing-epoch descriptors agree",Converted from combined_mcv_sources.csv. X-ray flux from Ridder+23 Table 3.
R0024,gaia-dr3:1203639265875666304,MR Ser,24,magnetic_cv,AM,4.464-6.512,239 +/- 17,Point flux density,239,17,17,,,,,,,,,,false,Quoted statistical flux-density uncertainty,VLA Stokes I image measurement; Semester 13B; exact dates/accretion state not tabulated,Reported flux; significance not harmonized,+100 +/- 11,Barrett+20,2,Barrett+20,M01978,"displayed observable, value, and uncertainties match the cited record; available band and observing-epoch descriptors agree",Converted from combined_mcv_sources.csv. X-ray flux from Ridder+23 Table 3.
R0025,gaia-dr3:1203639265875666304,MR Ser,25,magnetic_cv,AM,7.964-10.012,116 +/- 15,Point flux density,116,15,15,,,,,,,,,,false,Quoted statistical flux-density uncertainty,VLA Stokes I image measurement; Semester 13B; exact dates/accretion state not tabulated,Reported flux; significance not harmonized,+100 +/- 15,Barrett+20,2,Barrett+20,M01983,"displayed observable, value, and uncertainties match the cited record; available band and observing-epoch descriptors agree",Converted from combined_mcv_sources.csv. X-ray flux from Ridder+23 Table 3.
R0026,gaia-dr3:1597621426298361216,MQ Dra,26,magnetic_cv,AM,7.928-12.024,17 +/- 4,Point flux density,17,4,4,,,,,,,,,,false,Not specified for this summary value; see linked measurement records,VLA X-band Stokes I; Semester 18A; date/state not listed,Reported detection; significance not harmonized,+100 +/- 34,Barrett+20,2,Barrett+20,M02072,"displayed observable, value, and uncertainties match the cited record; available band and observing-epoch descriptors agree",Converted from combined_mcv_sources.csv. X-band setup marked with superscript a in the table. X-ray flux from Ridder+23 Table 3.
R0027,gaia-dr3:1223491257550872192,AP CrB,27,magnetic_cv,AM,7.928-12.024,24 +/- 4,Point flux density,24,4,4,,,,,,,,,,false,Not specified for this summary value; see linked measurement records,"VLA Stokes I image detection, S/N=27; VLA semester 18A",Reported detection; significance not harmonized,-5 +/- 22,Barrett+20,2,Barrett+20,M02171,"displayed observable, value, and uncertainties match the cited record; available band and observing-epoch descriptors agree",Converted from combined_mcv_sources.csv. X-band setup marked with superscript a in the table. X-ray flux from Ridder+23 Table 3.
R0028,gaia-dr3:1325655193647771008,Her 1,28,non_magnetic_cv,SW Sex candidate; originally proposed polar/AM; magnetic nature unconfirmed,K (~18-22; exact setup not listed),48 +/- 17,Point flux density,48,17,17,,,,,,,,,,false,reported +/- uncertainty; confidence level/convention not specified in cited table,VLA K-band Stokes I; semester 15A; exact scheduling block/date not given in Table 1,Reported detection; significance not harmonized,+100 +/- 45,Barrett+20,2,Barrett+20_Her1,M02250,"displayed observable, value, and uncertainties match a catalog-note reference; direct source citation is qualified","Identity resolved to SDSS J162608.16+332827.8 / Gaia DR3 1325655193647771008; inherited 16:19:49.30 +14:53:09.96 position was an unrelated PG 1617+150 field object. Current classification is provisional: Szkody+04 proposed a polar candidate; Szkody+24 favors likely SW Sex. Periods 3.00? h and 3.17 h are retained as distinct reports. Barrett+17 reports a separate 218 +/- 22 uJy RCP-only K-band detection on 2015-05-07; latest catalog point 48 +/- 17 uJy from Barrett+20 retained, discrepancy open. Gaia EDR3 distance is Bailer-Jones geometric posterior; Barrett+20 1030 pc is preserved as a low-significance Gaia DR2-era value, not adopted."
R0029,gaia-dr3:1347851790791563136,V1007 Her,29,magnetic_cv,AM,7.964-10.012,38 +/- 9,Point flux density,38,9,9,,,,,,,,,,false,Quoted table error; confidence convention not specified,JVLA X-band Stokes I; Table 1 gives RR=75±15 and LL=0±16 μJy; Semester 15A; paper does not print the source-specific scheduling block/date in Table 1,Reported flux; significance not harmonized,+100 +/- 29,Barrett+20,2,Barrett+20,M02368,"displayed observable, value, and uncertainties match the cited record; available band and observing-epoch descriptors agree",Converted from combined_mcv_sources.csv. X-ray fluxes from Ridder+23 Table 3 are unabsorbed catalog conversions. Main radio value 38±9 μJy is Barrett+20 Table 1; Barrett+17 printed Table 3 gives a conflicting 165±25 μJy for 15A-25A (VizieR table34 serves 24±4 μJy for that same Obs-ID). Barrett+17 also reports a next-day 3σ X-band limit <33 μJy. Distance field retains Ridder+23 rounded Bailer-Jones EDR3 geometric estimate 470(+40/-30) pc; other distance methods are in the companion ledger.
R0030,gaia-dr3:4611319954072608384,V1323 Her,30,magnetic_cv,IP,4.464-6.512,43 +/- 9,Point flux density,43,9,9,,,,,,,,,,false,Reported Table 1 error,JVLA Stokes I; 2015A; exact date/ObsID not printed,Reported flux; significance not harmonized,+100 +/- 20,Barrett+20,2,Barrett+20,M02514,"displayed observable, value, and uncertainties match the cited record; available band and observing-epoch descriptors agree","Barrett+20/Ridder+23 radio/X-ray observation values preserved. Provisional Porb=4.84584 h from Bruch+24 Table 3 (0.20191(2) d), interpreted as orbital by Dağ+26; Anzolin+08 4.402 h with 4.029/4.846 h aliases and Gänsicke+05 160.21 min remain separate. Gaia EDR3 Bailer-Jones geometric posterior. 2015 VLA measurements conflict across printed Barrett+17, CDS electronic tables and Barrett+20 reductions; see measurement and review ledgers."
R0031,gaia-dr3:4611319954072608384,V1323 Her,31,magnetic_cv,IP,7.964-10.012,23 +/- 9,Point flux density,23,9,9,,,,,,,,,,false,Reported Table 1 error,JVLA Stokes I; 2015A; exact date/ObsID not printed,Reported flux; significance not harmonized,-100 +/- 40,Barrett+20,2,Barrett+20,M02520,"displayed observable, value, and uncertainties match the cited record; available band and observing-epoch descriptors agree","Barrett+20/Ridder+23 radio/X-ray observation values preserved. Provisional Porb=4.84584 h from Bruch+24 Table 3 (0.20191(2) d), interpreted as orbital by Dağ+26; Anzolin+08 4.402 h with 4.029/4.846 h aliases and Gänsicke+05 160.21 min remain separate. Gaia EDR3 Bailer-Jones geometric posterior. 2015 VLA measurements conflict across printed Barrett+17, CDS electronic tables and Barrett+20 reductions; see measurement and review ledgers."
R0032,gaia-dr3:2123837555230207744,AM Her,32,magnetic_cv,AM,2-4,640 +/- 120,Point flux density,640,120,120,,,,,,,,,,false,Published image-fit uncertainty,"VLASS quick-look point-source catalog; VLASS epoch 1.1, 2017-09-09",Reported detection; significance not harmonized,NA,Ridder+23,25,Ridder+23,M02609,"displayed observable, value, and uncertainties match the cited record; available band and observing-epoch descriptors agree","VLASS 2-4 GHz flux from Ridder+23 Table 3.; AM Her audit: preserve the row-specific radio epoch/band; the repeated 1-10 keV X-ray value is Ridder+23's converted 4XMM catalog estimate with a 10% minimum error, non-simultaneous and without a verified absorption convention (AMHER-004)."
R0033,gaia-dr3:2123837555230207744,AM Her,33,magnetic_cv,AM,2-4,880 +/- 150,Point flux density,880,150,150,,,,,,,,,,false,Published image-fit uncertainty,"VLASS quick-look point-source catalog; VLASS epoch 2.1, 2020-08-11",Reported detection; significance not harmonized,NA,Ridder+23,25,Ridder+23,M02610,"displayed observable, value, and uncertainties match the cited record; available band and observing-epoch descriptors agree","Converted from combined_mcv_sources.csv. X-ray flux from Ridder+23 Table 3.; AM Her audit: preserve the row-specific radio epoch/band; the repeated 1-10 keV X-ray value is Ridder+23's converted 4XMM catalog estimate with a 10% minimum error, non-simultaneous and without a verified absorption convention (AMHER-004)."
R0034,gaia-dr3:2123837555230207744,AM Her,34,magnetic_cv,AM,4.464-6.512,88 +/- 5,Point flux density,88,5,5,,,,,,,,,,false,Published Stokes-I uncertainty,VLA; VLA semester 2013B; exact date and accretion state not stated in table,Reported flux; significance not harmonized,-19 +/- 9,Barrett+20,2,Barrett+20,M02611,"displayed observable, value, and uncertainties match the cited record; available band and observing-epoch descriptors agree","Converted from combined_mcv_sources.csv. X-ray flux from Ridder+23 Table 3.; AM Her audit: preserve the row-specific radio epoch/band; the repeated 1-10 keV X-ray value is Ridder+23's converted 4XMM catalog estimate with a 10% minimum error, non-simultaneous and without a verified absorption convention (AMHER-004)."
R0035,gaia-dr3:2123837555230207744,AM Her,35,magnetic_cv,AM,7.964-10.012,192 +/- 12,Point flux density,192,12,12,,,,,,,,,,false,Published Stokes-I uncertainty,VLA; VLA semester 2013B; exact date and accretion state not stated in table,Reported flux; significance not harmonized,+1 +/- 7,Barrett+20,2,Barrett+20,M02615,"displayed observable, value, and uncertainties match the cited record; available band and observing-epoch descriptors agree","Converted from combined_mcv_sources.csv. X-ray flux from Ridder+23 Table 3.; AM Her audit: preserve the row-specific radio epoch/band; the repeated 1-10 keV X-ray value is Ridder+23's converted 4XMM catalog estimate with a 10% minimum error, non-simultaneous and without a verified absorption convention (AMHER-004)."
R0036,gaia-dr3:2123837555230207744,AM Her,36,magnetic_cv,AM,20.060-22.108,476 +/- 83,Point flux density,476,83,83,,,,,,,,,,false,Published Stokes-I uncertainty,VLA; VLA semester 2013B; exact date and accretion state not stated in table,Reported flux; significance not harmonized,-44 +/- 27,Barrett+20,2,Barrett+20,M02619,"displayed observable, value, and uncertainties match the cited record; available band and observing-epoch descriptors agree","Converted from combined_mcv_sources.csv. X-ray flux from Ridder+23 Table 3.; AM Her audit: preserve the row-specific radio epoch/band; the repeated 1-10 keV X-ray value is Ridder+23's converted 4XMM catalog estimate with a 10% minimum error, non-simultaneous and without a verified absorption convention (AMHER-004)."
R0037,gaia-dr3:4193346037615507968,V1432 Aql,37,magnetic_cv,AM,7.928-12.024,15 +/- 5,Point flux density,15,5,5,,,,,,,,,,false,Quoted Table 1 uncertainty; convention not explicitly specified,"VLA Stokes I continuum imaging; 2018A, X band 7.928–12.024 GHz",Reported detection; significance not harmonized,+100 +/- 47,Barrett+20,2,Barrett+20,M02710,"displayed observable, value, and uncertainties match the cited record; available band and observing-epoch descriptors agree","Converted from combined_mcv_sources.csv. X-band setup marked with superscript a in the table. X-ray flux from Ridder+23 Table 3. V1432 audit 2026-09-24: 1–10 keV 2.1e-11 erg cm-2 s-1 is the rounded Rana+05 Table 4 model flux; 0.1–10 keV 4.1e-11 is the separate Ridder+23 Table 3 compiled value (no source-specific conversion input/error printed). Barrett+20 Table 1 radio result is 2018A, I=15±5 uJy and CP=+100±47%; see rawdog_measurements.csv for Stokes RR/LL, significance, conditional donor-corona field, and provenance."
R0038,gaia-dr3:4240284979281473920,J1955+0045,38,magnetic_cv,AM,7.928-12.024,79 +/- 5,Point flux density,79,5,5,,,,,,,,,,false,Reported statistical uncertainty in Barrett+20; Ridder+23 separately applies ≥10% table error floor,VLA Stokes I flux density; Semester 18A; exact date/state not stated,Reported detection; significance not harmonized,-2 +/- 6,Barrett+20,2,Barrett+20,M02798,"displayed observable, value, and uncertainties match the cited record; available band and observing-epoch descriptors agree","Converted from combined_mcv_sources.csv. X-band setup marked with superscript a in the table. X-ray flux from Ridder+23 Table 3. Audit 2026-09-24: J1955 is a confirmed asynchronous polar. Gaia EDR3/Bailer-Jones geometric distance adopted; old Gaia DR2 171 pc and GSP-Phot 180.52 pc retained separately. Spin/orbit method-label conflict, conditional ~16 MG continuum estimate, model-dependent WD mass and radio uncertainty conventions are in the measurement ledger/review queue."
R0039,gaia-dr3:1833014187092198912,QQ Vul,39,magnetic_cv,AM,20.060-22.108,92 +/- 39,Point flux density,92,39,39,,,,,,,,,,false,Quoted measurement error; no confidence-level convention stated,VLA Stokes I; Semester 13B,Reported detection; significance not harmonized,-100 +/- 60,Barrett+20,2,Barrett+20,M02897,"displayed observable, value, and uncertainties match the cited record; available band and observing-epoch descriptors agree","Converted from combined_mcv_sources.csv.

2026-09-24 audit: Gaia EDR3 Bailer-Jones geometric posterior distance 297.504 pc adopted for compatibility; legacy Barrett+20 Gaia DR2 317 pc retained in measurement ledger. Preferred spectroscopic Porb=0.15452011(11) d. Radio Stokes-I 92±39 uJy is retained as published, with low nominal 2.36 sigma and custom Barrett score separately documented. See measurement ledger and QQVUL-001–007 review issues."
R0040,gaia-dr3:4226332451596335616,AE Aqr,40,magnetic_cv,IP,4.464-6.512,5123 +/- 9,Point flux density,5123,9,9,,,,,,,,,,false,Not specified for this summary value; see linked measurement records,VLA continuum Stokes I; Semester 2015A C: 4.464–6.512 GHz,Reported detection; significance not harmonized,0 +/- 1,Barrett+20,2,Barrett+20,M02999,"displayed observable, value, and uncertainties match the cited record; available band and observing-epoch descriptors agree","Converted from combined_mcv_sources.csv. The displayed 1–10 keV value is Ridder+23 Table 3 compilation (with >=10% error floor); its cited underlying source is Eracleous+91 Table 2, which reports native 0.1–3.5 keV Einstein fluxes. Keep the two products separate in the measurement ledger."
R0041,gaia-dr3:4226332451596335616,AE Aqr,41,magnetic_cv,IP,7.964-10.012,5497 +/- 11,Point flux density,5497,11,11,,,,,,,,,,false,Not specified for this summary value; see linked measurement records,VLA continuum Stokes I; Semester 2015A X: 7.964–10.012 GHz,Reported detection; significance not harmonized,0 +/- 1,Barrett+20,2,Barrett+20,M03000,"displayed observable, value, and uncertainties match the cited record; available band and observing-epoch descriptors agree","Converted from combined_mcv_sources.csv. The displayed 1–10 keV value is Ridder+23 Table 3 compilation (with >=10% error floor); its cited underlying source is Eracleous+91 Table 2, which reports native 0.1–3.5 keV Einstein fluxes. Keep the two products separate in the measurement ledger."
R0042,gaia-dr3:4226332451596335616,AE Aqr,42,magnetic_cv,IP,20.060-22.108,8031 +/- 34,Point flux density,8031,34,34,,,,,,,,,,false,Not specified for this summary value; see linked measurement records,VLA continuum Stokes I; Semester 2015A K: 20.060–22.108 GHz,Reported detection; significance not harmonized,0 +/- 1,Barrett+20,2,Barrett+20,M03001,"displayed observable, value, and uncertainties match the cited record; available band and observing-epoch descriptors agree","Converted from combined_mcv_sources.csv. The displayed 1–10 keV value is Ridder+23 Table 3 compilation (with >=10% error floor); its cited underlying source is Eracleous+91 Table 2, which reports native 0.1–3.5 keV Einstein fluxes. Keep the two products separate in the measurement ledger."
R0043,gaia-dr3:6911950900211768704,HU Aqr,43,magnetic_cv,AM,7.928-12.024,44 +/- 13,Point flux density,44,13,13,,,,,,,,,,false,As reported in Barrett+20 Table 1,VLA Stokes I; Semester 18A; exact date/state not specified,Reported detection; significance not harmonized,-60 +/- 23,Barrett+20,2,Barrett+20,M05566,"displayed observable, value, and uncertainties match the cited record; available band and observing-epoch descriptors agree","HU Aqr is one unique eclipsing magnetic CV/polar (catalog row 43). The adopted compatibility Porb is the Bours+14 Eq. 2 baseline ephemeris period, fixed in Schwope+25_HUAqr; alternative eclipse-timing fits and period-derivative interpretations are retained in the measurement ledger and HUAQR-001. Barrett+20 Table 1 Semester 18A X band (7.928-12.024 GHz): I=44 +/-13 uJy, RR=16 +/-13, LL=64 +/-13, CP=-60 +/-23%; custom S/N1=18.4, not the Stokes-I significance. Ridder+23 Table 3 compiled X-ray bands; source state/spectrum mapping remains under HUAQR-004."
R0044,gaia-dr3:2725143108496515840,V388 Peg,44,magnetic_cv,AM,7.928-12.024,34 +/- 5,Point flux density,34,5,5,,,,,,,,,,false,Table 1 quoted uncertainty,VLA X-band Stokes I; VLA semester 2018A,Secure reported detection,+100 +/- 12,Barrett+20,2,Barrett+20,M03127,"displayed observable, value, and uncertainties match the cited record; available band and observing-epoch descriptors agree",Converted from combined_mcv_sources.csv. X-band setup marked with superscript a in the table. X-ray flux from Ridder+23 Table 3. Immediate displayed X-ray flux citation is Ridder+23 Table 3 (ref index 9=Evans+20/2SXPS); separate Swift XRT 2014 model flux in ZenginCamurdan+23 preview and historical RASS model flux in Tovmassian+00 are preserved in measurement ledger. Source-specific flux convention/access issue V388PEG-003 remains open.
R0045,gaia-dr3:4112610784274894208,V2400 Oph,45,magnetic_cv,IP,2-4,640 +/- 120,Point flux density,640,120,120,,,,,,,,,,false,1-sigma (Ridder+23 states errors quoted at 1 sigma unless noted),VLASS Quick Look image source fit with beam-shape fitting and local annulus RMS; total positional systematic added in quadrature; VLASS epoch 1.1; 2018-02-05,Reported detection; significance not harmonized,NA,Ridder+23,25,Ridder+23,M03240,"displayed observable, value, and uncertainties match the cited record; available band and observing-epoch descriptors agree","Confirmed IP identified in Buckley+95; radio/X-ray compatibility values from Ridder+23 Tables 2–3. The 1–10 keV value is an approximate 4XMM catalogue conversion with >=10% error floor, not a source-specific spectral fit; see physical-property ledger."
R0046,gaia-dr3:4972697024889419520,CM Phe,46,non_magnetic_cv,non_magnetic_cv,0.856-1.712,< 30,Upper limit,,,,30,,,,,,,,Censored observation; threshold is stored separately from a point flux.,true,3-sigma by Hewitt+20 survey convention (limits set to 3×rms),MeerKAT continuum image; RMS 10 uJy beam-1; 2019-06-29; no deep optical low state in survey monitoring,Upper limit,NA,Hewitt+20,10,Hewitt+20; Ridder+23,M05645,"displayed observable, value, and uncertainties match the cited record; available band and observing-epoch descriptors agree","Hewitt+20 MeerKAT receiver setup: 856 MHz bandwidth centered at 1.284 GHz (nominal 0.856-1.712 GHz); Ridder+23 Table 4 instead compiles 0.43-2.1 GHz. Hewitt+20 Table 3 reports <30 uJy and <4.6e15 erg s-1 Hz-1; the latter does not reproduce from the tabulated flux and published distance, retained as a review issue. Orbital period 6.4536 +/- 0.0168 h adopts Woudt & Warner+02 0.2689(7) d; Hoard+01 abstract reports ambiguous 0.1344/0.2683 d candidates. Ridder+23 X-ray bands are converted catalogue estimates, not direct source spectral fits."
R0047,gaia-dr3:374510294830244992,RX And,47,non_magnetic_cv,non_magnetic_cv,8-12,19.6 +/- 4.4,Point flux density,19.6,4.4,4.4,,,,,,,,,,false,Quoted measurement uncertainty; convention as in original table,VLA Stokes I integrated flux density; 2014-11-09; VLA C configuration; MJD start 56970.35931; 2181 s; normal outburst; X band 7.976–12.022 GHz; point-like detection,Reported detection; significance not harmonized,NA,Coppejans+16,7,Coppejans+16,M03339,"displayed observable, value, and uncertainties match the cited record; available band and observing-epoch descriptors agree","Coppejans+16 Table 3: normal outburst VLA epoch 2014-11-09 (MJD start 56970.35931), 2181 s; observation 2. Integrated Stokes-I flux is observation-specific; see rawdog_measurements.csv for band, uncertainty, polarization limits, and time-resolved light curve. Orbital period 5.03743(2) h is quoted by Coppejans+16 Table 1 from Kaitchuck+89; original full text not checked."
R0048,gaia-dr3:374510294830244992,RX And,48,non_magnetic_cv,non_magnetic_cv,8-12,13.6 +/- 3.2,Point flux density,13.6,3.2,3.2,,,,,,,,,,false,Quoted measurement uncertainty; convention as in original table,VLA Stokes I integrated flux density; 2014-11-08; VLA C configuration; MJD start 56969.40396; 5151 s; normal outburst; X band 7.976–12.022 GHz; point-like detection,Reported detection; significance not harmonized,NA,Coppejans+16,7,Coppejans+16,M03338,"displayed observable, value, and uncertainties match the cited record; available band and observing-epoch descriptors agree","Repeated radio-flux entry from Ridder+23 Table 4. Coppejans+16 Table 3: normal outburst VLA epoch 2014-11-08 (MJD start 56969.40396), 5151 s; observation 1. Integrated Stokes-I flux is observation-specific; see rawdog_measurements.csv for band, uncertainty, polarization limits, and time-resolved light curve. Orbital period 5.03743(2) h is quoted by Coppejans+16 Table 1 from Kaitchuck+89; original full text not checked."
R0049,gaia-dr3:78395045917118976,TT Ari,49,non_magnetic_cv,non_magnetic_cv,4-8,39.6 +/- 4.2,Point flux density,39.6,4.2,4.2,,,,,,,,,,false,Quoted image rms as flux error,VLA C-band image peak; 2014-04-02 00:08:24 UT,Reported detection; significance not harmonized,~70,Coppejans+15,6,Coppejans+15,M03458,"displayed observable, value, and uncertainties match the cited record; available band and observing-epoch descriptors agree","Stokes V flux=27.4 +/- 4.2 microJy/beam; Coppejans+15 `4.2 reports fractional CP about 70%. Corrected legacy field that stored Stokes V flux as percent. Porb converted from Wu+02 0.13755040 d. Catalog X-ray fluxes are Ridder+23 Table 4 unabsorbed PIMMS conversions from Mauche+02 ASCA spectral model (1–10 and 0.1–10 keV), not direct Mauche flux-table values."
R0050,gaia-dr3:78395045917118976,TT Ari,50,non_magnetic_cv,non_magnetic_cv,4-8,239.1 +/- 5.5,Point flux density,239.1,5.5,5.5,,,,,,,,,,false,Quoted image rms as flux error,VLA C-band image peak; 2014-04-02 18:56:25 UT,Reported detection; significance not harmonized,~10,Coppejans+15,6,Coppejans+15,M03464,"displayed observable, value, and uncertainties match the cited record; available band and observing-epoch descriptors agree","Original Coppejans+15 Table 3 Stokes I=239.1 +/- 5.5 microJy/beam. Ridder+23 same-epoch 240 +/- 24* has 10% error floor and is retained separately in ledger. Stokes V=22.8 +/- 4.8 microJy/beam; fractional CP about 10%. Porb converted from Wu+02 0.13755040 d. Catalog X-ray fluxes are Ridder+23 Table 4 unabsorbed PIMMS conversions from Mauche+02 ASCA spectral model (1–10 and 0.1–10 keV), not direct Mauche flux-table values."
R0051,gaia-dr3:5091939988633728640,IM Eri,51,non_magnetic_cv,non_magnetic_cv,0.43-2.1,99 +/- 26,Point flux density,99,26,26,,,,,,,,,,false,Published Table 3 uncertainty; confidence convention not stated,Integrated continuum image flux; 2019-03-30; not in optical low state per ASAS-SN light curve,Reported detection; significance not harmonized,NA,Hewitt+20,10,Hewitt+20,M03591,"displayed observable, value, and uncertainties match the cited record; available band and observing-epoch descriptors agree","Spectroscopic orbital period from Armstrong+13 Table 2: 0.1456348(4) d; distinct 2012 photometric orbital-like signal is 6.870(1) cycles d-1. Gaia EDR3/Bailer-Jones geometric distance is 185.472 pc (p16/p84 184.563/186.448 pc); published Ridder+23 Table 4 value retained at 185.5(+1.0/-0.9) pc. MeerKAT detection is 99 +/- 26 uJy at 0.43-2.1 GHz (Hewitt+20); X-ray fluxes are Ridder+23 unabsorbed generic 7-keV MEKAL/PIMMS conversions from low-count ROSAT 2RXS, not source-specific spectral fits. Classification is state dependent: nova-like, Z Cam, and IW And-type behavior."
R0052,gaia-dr3:5553468275089335040,V347 Pup,52,non_magnetic_cv,non_magnetic_cv,0.856-1.712,< 30,Upper limit,,,,30,,,,,,,,Censored observation; threshold is stored separately from a point flux.,true,Not specified for this summary value; see linked measurement records,,Upper limit,NA,Hewitt+20,10,Hewitt+20,M05779,"qualified reference, observable, and available band/epoch link; value or uncertainties do not resolve a point record","MeerKAT non-detection: <30 microJy (3 x 10 microJy RMS); weak 28 +/-14 microJy feature rejected (<5 sigma, offset/beam-inconsistent). Hewitt+20 nominal band 0.856-1.712 GHz; Ridder+23 Table 4 instead labels 0.43-2.1 GHz. X-ray fluxes are Ridder+23 converted comparison-band values, not native 2SXPS fluxes."
R0053,gaia-dr3:674214551557961984,U Gem,53,non_magnetic_cv,non_magnetic_cv,7.976-12.022,12.7 +/- 2.8,Point flux density,12.7,2.8,2.8,,,,,,,,,,false,reported 1-sigma; source detected in Table 3,VLA image-plane integrated flux density; unresolved/point-source fit; MJD 57075.32906; normal outburst; Obs. 1,Reported detection; significance not harmonized,NA,Coppejans+16,7,Coppejans+16,M05913,"displayed observable, value, and uncertainties match the cited record; available band and observing-epoch descriptors agree","One U Gem-type dwarf nova system; radio detection is a VLA normal-outburst observation (Coppejans+16 Table 3), with two later 3-sigma limits. Orbital period is 0.1769061911(28) d from the adopted spectroscopic ephemeris, converted to hours; no WD spin/beat period is inferred. Ridder+23 X-ray values are approximate 4XMM catalog band conversions, not source-specific spectral-fit fluxes; absorption convention is unspecified and radio/X-ray observations are non-simultaneous. See rawdog_measurements.csv and UGem review items for alternate distances, mass/radius branches, donor-template differences, and radio-timescale discrepancy. Echevarria+07 low-state Hα modeling estimates the disc outer edge at Rout/a≈0.61, close to the model primary Roche-lobe distance L1/a≈0.63; this is state- and Keplerian-disc-model dependent."
R0054,gaia-dr3:683908812437792000,YZ Cnc,54,non_magnetic_cv,non_magnetic_cv,8-12,17.4 +/- 3.7,Point flux density,17.4,3.7,3.7,,,,,,,,,,false,"Reported image-flux statistical uncertainty; detection significance about 4.7 and 5.2 sigma, respectively","JVLA Stokes I imaging, combined 7.976–12.024 GHz bands; 2015-03-08 start; MJD 56984.28431; superoutburst",Reported detection; significance not harmonized,NA,Coppejans+16,7,Coppejans+16,M06019,"displayed observable, value, and uncertainties match the cited record; available band and observing-epoch descriptors agree","Obs 1 VLA Stokes I during 2015 superoutburst (MJD 56984.28431), 7.976–12.024 GHz; Table 3 flux 17.4 +/- 3.7 uJy. The <18.9 uJy Obs 3 limit at MJD 56987.32938 is in rawdog_measurements.csv. X-ray values are source-level approximate 4XMM-DR11 conversions tabulated once by Ridder+23, not simultaneous with each radio epoch; absorption convention/individual XMM detection is unspecified."
R0055,gaia-dr3:683908812437792000,YZ Cnc,55,non_magnetic_cv,non_magnetic_cv,8-12,26.8 +/- 5.2,Point flux density,26.8,5.2,5.2,,,,,,,,,,false,"Reported image-flux statistical uncertainty; detection significance about 4.7 and 5.2 sigma, respectively","JVLA Stokes I imaging, combined 7.976–12.024 GHz bands; 2015-03-09 start; MJD 56985.22726; superoutburst",Reported detection; significance not harmonized,NA,Coppejans+16,7,Coppejans+16,M06020,"displayed observable, value, and uncertainties match the cited record; available band and observing-epoch descriptors agree","Obs 2 VLA Stokes I during 2015 superoutburst (MJD 56985.22726), 7.976–12.024 GHz; Table 3 flux 26.8 +/- 5.2 uJy. The <18.9 uJy Obs 3 limit at MJD 56987.32938 is in rawdog_measurements.csv. X-ray values are source-level approximate 4XMM-DR11 conversions tabulated once by Ridder+23, not simultaneous with each radio epoch; absorption convention/individual XMM detection is unspecified."
R0056,gaia-dr3:5515820034889610112,IX Vel,56,non_magnetic_cv,non_magnetic_cv,0.43-2.1,< 42,Upper limit,,,,42,,,,,,,,Censored observation; threshold is stored separately from a point flux.,true,Not specified for this summary value; see linked measurement records,,Upper limit,NA,Hewitt+20,10,Hewitt+20; Koerding+11_IXVel,M03709; M03710,"qualified reference, observable, and available band/epoch link; value or uncertainties do not resolve a point record",Source audit 2026-09-25: preferred spectroscopic orbital period is Kara+23 0.19392793(3) d; older Beuermann & Thomas value remains separate. Radio fields are upper limits. Ridder X-ray bands are approximate 4XMM conversions with unspecified IX Vel absorption convention; see ledger/review queue.
R0057,gaia-dr3:1091051096255456384,SU UMa,57,non_magnetic_cv,non_magnetic_cv,8-12,19.1 +/- 4.9,Point flux density,19.1,4.9,4.9,,,,,,,,,,false,quoted 1σ,VLA X-band imaging/CASA IMFIT; Obs3; VLA X-band; superoutburst; MJD 57029.43229; duration 1995s,Reported detection; significance not harmonized,NA,Coppejans+16,7,Coppejans+16; Ridder+23,M06159; M06164,"displayed observable, value, and uncertainties match the cited record; available band and observing-epoch descriptors agree","Obs3, 2015-12-04 UTC (MJD 57029.43229); VLA superoutburst observation. X-ray comparison fluxes are source-level approximate conversions tabulated in Ridder+23 from Collins+10 and are not simultaneous with this radio epoch. The 58.1 +/- 5.8* uJy value is Ridder+23 Table4; Coppejans+16 Table3 gives 58.1 +/- 5.7 uJy."
R0058,gaia-dr3:1091051096255456384,SU UMa,58,non_magnetic_cv,non_magnetic_cv,8-12,58.1 +/- 5.8*,Point flux density,58.1,5.8,5.8,,,,,,,,,,false,quoted 1σ,VLA X-band imaging/CASA IMFIT; Obs2; VLA X-band; superoutburst; MJD 57028.0683; duration 1968s,Reported detection; significance not harmonized,NA,Coppejans+16,7,Coppejans+16; Ridder+23,M06152; M06165,"displayed observable, value, and uncertainties match the cited record; available band and observing-epoch descriptors agree","Repeated radio-flux entry from Ridder+23 Table 4.; Obs2, 2015-12-03 UTC (MJD 57028.06830); VLA superoutburst observation. X-ray comparison fluxes are source-level approximate conversions tabulated in Ridder+23 from Collins+10 and are not simultaneous with this radio epoch. The 58.1 +/- 5.8* uJy value is Ridder+23 Table4; Coppejans+16 Table3 gives 58.1 +/- 5.7 uJy."
R0059,gaia-dr3:1123169888190445568,Z Cam,59,non_magnetic_cv,non_magnetic_cv,8-12,25.0 +/- 3.1,Point flux density,25.0,3.1,3.1,,,,,,,,,,false,Reported fit uncertainty; paper does not define confidence level for detection errors,"VLA C configuration, Stokes I, X band 7.976–12.024 GHz; VLA Obs. 1; MJD 56986.11156; normal optical outburst; 4905 s integration",Reported detection; significance not harmonized,NA,Coppejans+16,7,Coppejans+16,M03832,"displayed observable, value, and uncertainties match the cited record; available band and observing-epoch descriptors agree","Orbital period 6.956174 +/- 0.000005 h (Thorstensen & Ringwald 1995). X-ray comparison-band fluxes are asterisked approximate unabsorbed PIMMS/MEKAL conversions from Saitou+12, not native Suzaku band values; non-simultaneous with the radio epochs."
R0060,gaia-dr3:1123169888190445568,Z Cam,60,non_magnetic_cv,non_magnetic_cv,8-12,40.3 +/- 5.2,Point flux density,40.3,5.2,5.2,,,,,,,,,,false,Reported fit uncertainty; paper does not define confidence level for detection errors,"VLA C configuration, Stokes I, X band 7.976–12.024 GHz; VLA Obs. 2; MJD 56987.17184; normal optical outburst; 2007 s integration",Reported detection; significance not harmonized,NA,Coppejans+16,7,Coppejans+16,M03836,"displayed observable, value, and uncertainties match the cited record; available band and observing-epoch descriptors agree","Repeated radio-flux entry from Ridder+23 Table 4. Orbital period 6.956174 +/- 0.000005 h (Thorstensen & Ringwald 1995). X-ray comparison-band fluxes are asterisked approximate unabsorbed PIMMS/MEKAL conversions from Saitou+12, not native Suzaku band values; non-simultaneous with the radio epochs."
R0061,gaia-dr3:3769067109159364608,RW Sex,61,non_magnetic_cv,non_magnetic_cv,0.86-1.7,82 +/- 23,Point flux density,82,23,23,,,,,,,,,,false,source-reported ±23 uJy; source table gives RMS=11 uJy beam-1; convention not explicitly labeled,MeerKAT integrated continuum flux density; 2019-03-31 22:46:05.9 UTC; 6293 s on-source integration,Reported detection; significance not harmonized,NA,Hewitt+20,10,Hewitt+20,M04006,"displayed observable, value, and uncertainties match the cited record; available band and observing-epoch descriptors agree",Corrected to Hewitt+20 Table 3 value during original-paper audit. Hewitt+20 Table 3 gives the RW Sex integrated flux 82 +/- 23 uJy at 0.86-1.7 GHz; the 233 +/- 36 uJy entry belongs to V603 Aql. Published X-ray fluxes are Ridder+23 Table 4 compiled from 2SXPS and are non-simultaneous/model-converted.
R0062,gaia-dr3:3769067109159364608,RW Sex,62,non_magnetic_cv,non_magnetic_cv,4-8,33.6 +/- 3.7,Point flux density,33.6,3.7,3.7,,,,,,,,,,false,source-reported ±3.7; Table 3 rms=3.7 uJy/beam; no confidence convention for ± is specified,"VLA A-configuration continuum Stokes I peak flux density; Obs. 1, 2014-03-13",Reported detection; significance not harmonized,NA,Coppejans+15,6,Coppejans+15,M03992,"displayed observable, value, and uncertainties match the cited record; available band and observing-epoch descriptors agree","Added from Coppejans+15 Table 3 observation 1 during original-paper audit. Coppejans+15 Table 3 CP/LP limits are absolute flux densities (uJy beam-1); the discussion separately states a 3-sigma CP fraction <12.9%, which does not reproduce from the tabulated limits and epoch fluxes. Percent field left NA pending reconciliation; see RWSEX-005 and measurement ledger."
R0063,gaia-dr3:3769067109159364608,RW Sex,63,non_magnetic_cv,non_magnetic_cv,4-8,26.8 +/- 3.3,Point flux density,26.8,3.3,3.3,,,,,,,,,,false,source-reported ±3.3; Table 3 rms=3.3 uJy/beam; no confidence convention for ± is specified,"VLA A-configuration continuum Stokes I peak flux density; Obs. 2, 2014-03-15",Reported detection; significance not harmonized,NA,Coppejans+15,6,Coppejans+15,M03993,"displayed observable, value, and uncertainties match the cited record; available band and observing-epoch descriptors agree","Repeated source with a different radio band in Ridder+23 Table 4. Row-level radio reference corrected to Coppejans+15. Coppejans+15 Table 3 CP/LP limits are absolute flux densities (uJy beam-1); the discussion separately states a 3-sigma CP fraction <12.9%, which does not reproduce from the tabulated limits and epoch fluxes. Percent field left NA pending reconciliation; see RWSEX-005 and measurement ledger."
R0064,gaia-dr3:3612227169936143360,QS Vir,64,non_magnetic_cv,non_magnetic_cv,2-4,970 +/- 160,Point flux density,970,160,160,,,,,,,,,,false,1σ as stated by Ridder+23; VLASS Quick Look Stokes I,VLA Sky Survey Quick Look image point-source fit at fixed Gaia position; VLASS Epoch 1.2; 2019-04-25,Reported detection; significance not harmonized,NA,Ridder+23,25,Ridder+23,M06285,"displayed observable, value, and uncertainties match the cited record; available band and observing-epoch descriptors agree","Legacy row: VLASS Epoch 1.2 detection 2019-04-25; Ridder+23 Table 4 X-ray flux is an approximate 4XMM-DR11 catalogue conversion with a 10% minimum error, not a source-specific spectrum or simultaneous radio datum. VLASS Epoch 2.2 2022-01-31 upper limit <=510 uJy is separately recorded in rawdog_measurements.csv. Later VLA data and corrected spectral indices are also ledgered."
R0065,gaia-dr3:1326482511724121344,V1084 Her,65,non_magnetic_cv,SW Sex novalike; magnetic status debated,4-8,< 10.2 +/- 3.4,Upper limit,,,,10.2,,,,,,,,Censored observation; threshold is stored separately from a point flux.,true,Not specified for this summary value; see linked measurement records,,Upper limit,NA,Coppejans+15,6,Coppejans+15,M04095,"qualified reference, observable, and available band/epoch link; value or uncertainties do not resolve a point record","Audited 2026-09-25. Patterson+02 establishes Porb=0.120560(14) d; the 19.38-min circular-polarization modulation and tentative 1549-s X-ray/UV signal are distinct and neither is a secure spin. VLA epochs are separate 3-sigma limits; stored +/- values after the limit are image RMS, not flux errors. Magnetic classification remains disputed; see measurement ledger/review queue. Existing Ridder+23 X-ray conversions are not simultaneous with VLA and absorption convention is unspecified."
R0066,gaia-dr3:4339398736975240192,LS IV -08 3,66,non_magnetic_cv,UX UMa novalike,0.43-2.1,< 33,Upper limit,,,,33,,,,,,,,Censored observation; threshold is stored separately from a point flux.,true,typically 3 sigma for nondetections,integrated Stokes-I nondetection limit; 2019-03-29; 6294 s; optical system not in low state per ASAS-SN,Upper limit,NA,Hewitt+20,10,Hewitt+20,M06436,"displayed observable, value, and uncertainties match the cited record; available band and observing-epoch descriptors agree",Audited 2026-09-25. Bruch & Diaz+17 revised ephemeris adopted for compatibility; Stark+08 and Hewitt+20 copied-period alternatives remain in ledger. MeerKAT upper limit retained; authors rejected an approximately 3-sigma offset feature. Ridder+23 X-ray bands are model conversions; ROSAT optical match remains probable. See LSIV083 review items and measurement ledger.
R0067,gaia-dr3:5818105674344768768,V341 Ara,67,non_magnetic_cv,nova-like CV; UX UMa-like spectrum; Fr 2-11 origin disputed,0.43-2.1,< 27,Upper limit,,,,27,,,,,,,,Censored observation; threshold is stored separately from a point flux.,true,Not specified for this summary value; see linked measurement records,,Upper limit,NA,Hewitt+20,10,Hewitt+20,M06546,"qualified reference, observable, and available band/epoch link; value or uncertainties do not resolve a point record","
Use the long-baseline Castro Segura et al. (2021) spectroscopic ephemeris provisionally; retain Bond & Miszalski (2018) 0.15216 +/- 0.00002 d separately (V341ARA-002). MeerKAT result is a continuum upper limit. Ridder/2SXPS X-ray fluxes are conversions with unresolved absorbed convention. WD component itself was not independently measured."
R0068,gaia-dr3:4266547566124966912,V603 Aql,68,non_magnetic_cv,non_magnetic_cv,4.226-8.096,178.2 +/- 4.3,Point flux density,178.2,4.3,4.3,,,,,,,,,,false,Not specified for this summary value; see linked measurement records,VLA image peak Stokes I; 2014-04-07 13:52:33 UT; 2144 s,Reported detection; significance not harmonized,NA,Coppejans+15,6,Coppejans+15,M04211,displayed value and uncertainties match the cited Stokes-I image-peak record; point/peak observable labeling is qualified,"Added from Coppejans+15 Table 3 observation 1 during original-paper audit. Source-level X-ray values are approximate Ridder+23 Table 4 catalog conversions (underlying 2SXPS source Evans+20), non-simultaneous with radio; see measurement ledger for model/band caveats. Coppejans+15 Table 3 Stokes V <12.9 and linear polarization <8.7 μJy beam−1 are 3σ absolute flux-density limits, not percent. Derived V/I CP bounds are approximately <7.24% and are retained only in the measurement ledger."
R0069,gaia-dr3:4266547566124966912,V603 Aql,69,non_magnetic_cv,non_magnetic_cv,4.226-8.096,190.5 +/- 3.9,Point flux density,190.5,3.9,3.9,,,,,,,,,,false,Not specified for this summary value; see linked measurement records,VLA image peak Stokes I; 2014-04-14 14:09:57 UT; 2144 s,Reported detection; significance not harmonized,NA,Coppejans+15,6,Coppejans+15,M04217,displayed value and uncertainties match the cited Stokes-I image-peak record; point/peak observable labeling is qualified,"Added from Coppejans+15 Table 3 observation 2 during original-paper audit. Source-level X-ray values are approximate Ridder+23 Table 4 catalog conversions (underlying 2SXPS source Evans+20), non-simultaneous with radio; see measurement ledger for model/band caveats. Coppejans+15 Table 3 Stokes V <12.0 and linear polarization <8.1 μJy beam−1 are 3σ absolute flux-density limits, not percent. Derived V/I CP bounds are approximately <6.30% and are retained only in the measurement ledger."
R0070,gaia-dr3:4266547566124966912,V603 Aql,70,non_magnetic_cv,non_magnetic_cv,4.464-6.512,22 +/- 3,Point flux density,22,3,3,,,,,,,,,,false,Not specified for this summary value; see linked measurement records,VLA Stokes I; semester summary; Semester 2013B; exact date/epoch mapping not specified,Reported detection; significance not harmonized,+100 +/- 29,Barrett+20,2,Barrett+20,M04232,"displayed observable, value, and uncertainties match the cited record; available band and observing-epoch descriptors agree","Row-level radio reference corrected to Barrett+20 for this 22 uJy VLA detection. Source-level X-ray values are approximate Ridder+23 Table 4 catalog conversions (underlying 2SXPS source Evans+20), non-simultaneous with radio; see measurement ledger for model/band caveats. Barrett+20 C-band setting 4.464–6.512 GHz. Its Semester 13B summary is not epoch-mapped to the separate Barrett+17 project 13B-17A/B table values."
R0071,gaia-dr3:4266547566124966912,V603 Aql,71,non_magnetic_cv,non_magnetic_cv,0.86-1.7,233 +/- 36,Point flux density,233,36,36,,,,,,,,,,false,Not specified for this summary value; see linked measurement records,MeerKAT integrated L-band flux density; 2019-02-26 03:10:14.2 UTC; 5367 MHz center listed for calibrator metadata; target band 0.856–1.712 GHz,Reported detection; significance not harmonized,NA,Hewitt+20,10,Hewitt+20,M04241,"displayed observable, value, and uncertainties match the cited record; available band and observing-epoch descriptors agree","Repeated source with a different radio band in Ridder+23 Table 4. Source-level X-ray values are approximate Ridder+23 Table 4 catalog conversions (underlying 2SXPS source Evans+20), non-simultaneous with radio; see measurement ledger for model/band caveats."
R0072,gaia-dr3:6688624794231054976,V3885 Sgr,72,non_magnetic_cv,non_magnetic_cv,0.856-1.712,256 +/- 25,Point flux density,256,25,25,,,,,,,,,,false,as reported,"MeerKAT, 1.284 GHz center, RMS 13 uJy/beam, beam 6.6×5.2 arcsec; 2018-10-30 18:28:54.6 UTC; 6253 s; Compiled Hewitt point; asterisk=10% minimum error floor; Hewitt 2018 epoch",Reported detection; significance not harmonized,NA,Hewitt+20; Koerding+11_V3885Sgr; Ridder+23,10; 94; 25,Hewitt+20; Ridder+23,M06688; M06689,"displayed observable, value, and uncertainties match the cited record; available band and observing-epoch descriptors agree",Preferred Porb is Ribeiro & Diaz (2007); Hartley et al. (2005) independent value remains in the ledger. MeerKAT primary setup is 0.856–1.712 GHz; Ridder+23 Table 4 labels the same point 0.43–2.1 GHz. Main X-ray values are Ridder+23 model conversions (7-keV MEKAL for novalikes without source-specific fits); exact 2SXPS observed/unabsorbed power-law catalog values remain separate. See ledger and review queue.
R0073,gaia-dr3:6749618724313541760,V5662 Sgr,73,non_magnetic_cv,non_magnetic_cv,0.43-2.1,< 24,Upper limit,,,,24,,,,,,,,Censored observation; threshold is stored separately from a point flux.,true,3-sigma; image RMS=8 uJy/beam,MeerKAT continuum image; source not detected; 2019-04-01 03:18:49 UTC start; 8069 s; accretion state unknown,Upper limit,NA,Hewitt+20; Ridder+23,10; 25,Hewitt+20; Ridder+23,M06748,"displayed observable, value, and uncertainties match the cited record; available band and observing-epoch descriptors agree","Exact SIMBAD alias chain and Gaia DR3 ID confirm the optical counterpart. Short-period CV with DN-like optical spectrum but novalike-survey membership; subtype/state unresolved. Radio is an upper limit only (<24 uJy, MeerKAT; Hewitt+20). 1.5093 h is the most probable photometric alias, not a secure orbital period; P4=0.060972(14) d remains viable. Ridder+23 X-ray fluxes are model conversions with unspecified source-specific absorption convention; 2RXS is a low-count detection with centroid about 19.2 arcsec from Gaia propagated to J2000 and requires localization review."
R0074,gaia-dr3:1972957892448494592,SS Cyg,74,non_magnetic_cv,non_magnetic_cv,4.6,180 +/- 20*,Point flux density,180,20,20,,,,,,,,,,false,statistical error only; 1% systematic excluded by article,"VLA Stokes I, center frequency 4.599 GHz; MJD 55325.47; 2010 April/May dwarf-nova outburst",Reported detection; significance not harmonized,NA,Russell+16,16,Russell+16,M06880,"displayed observable, value, and uncertainties match the cited record; available band and observing-epoch descriptors agree","Ridder+23 Table 4 selects separate maximum-X-ray and maximum-radio points; they are not necessarily simultaneous. Asterisk indicates Ridder+23 raised the reported uncertainty to a minimum 10%. The radio fluxes match Russell+16 VLA epochs MJD 55325.47 (180 uJy) and 55308.47 (810 uJy); the SS Cyg-specific Swift observation IDs, model/NH, and absorption conversion were not specified in Ridder+23. Orbital period from Hessman+84 as quoted in Bitner+07."
R0075,gaia-dr3:1972957892448494592,SS Cyg,75,non_magnetic_cv,non_magnetic_cv,4.6,810 +/- 81*,Point flux density,810,81,81,,,,,,,,,,false,Asterisk indicates Ridder+23 raised the reported uncertainty to a minimum 10%.,"VLA Stokes I, center frequency 4.599 GHz; MJD 55308.47; 2010 April/May dwarf-nova outburst",Reported detection; significance not harmonized,NA,Russell+16,16,Russell+16,M06866,"displayed value matches the cited record, but a reported uncertainty differs; the association is qualified","Ridder+23 Table 4 selects separate maximum-X-ray and maximum-radio points; they are not necessarily simultaneous. Asterisk indicates Ridder+23 raised the reported uncertainty to a minimum 10%. The radio fluxes match Russell+16 VLA epochs MJD 55325.47 (180 uJy) and 55308.47 (810 uJy); the SS Cyg-specific Swift observation IDs, model/NH, and absorption conversion were not specified in Ridder+23. Orbital period from Hessman+84 as quoted in Bitner+07."
R0076,gaia-dr3:6050296829033196032,AR Sco,76,white_dwarf_pulsar,WDP,5.5,7000 (+5000/-2000),Point flux density,7000,2000,5000,,,,,,,,,,false,asymmetric range as compiled by Ridder+23; not a Gaussian error,"compiled radio comparison value at 5.5 GHz, based on Marsh+16 source data; discovery-paper radio data; observing state/individual integration not specified in Ridder Table 3",Secure reported detection,NA,Marsh+16,11,Ridder+23,M07023,"displayed observable, value, and uncertainties match a catalog-note reference; direct source citation is qualified","Confirmed WD+M5 radio-pulsing binary. Keep WD spin 117.12 s distinct from the dominant ~118.20-s spin-orbit beat; a 220-GHz signal near twice spin is reported by Barrett & Gurwell (2025). Radio and 1–10-keV X-ray comparison values are the AR Sco entries compiled in Ridder+23 Table 3 from Marsh+16; the X-ray absorption convention/error are unspecified. Source-specific field, timing and model conflicts are in the measurement ledger and ARSCO-001–008 review queue."
R0077,gaia-dr3:6712706405280342784,J191213.72-441045.1,77,white_dwarf_pulsar,WDP,0.856-1.712,up to ~15000 peak brightness,Peak-brightness upper envelope,,,,,,,,,,,15000,"The report gives an upper envelope, not a point flux or censored nondetection.",false,Not specified for this summary value; see linked measurement records,,Reported detection; significance not harmonized,NA,Pelisoli+23,26,Pelisoli+23,M07166,"qualified reference, observable, and available band/epoch link; value or uncertainties do not resolve a point record","Binary white dwarf pulsar J1912-4410/eRASSU J191213.9-441044; secure Gaia DR3 counterpart 6712706405280342784. Pelisoli+23 MeerKAT L-band Fig. 1 reports peak image brightness up to about 15 mJy/beam, not integrated flux density. Schwope+23 reports epoch- and band-specific X-ray measurements; eRASS1 0.2-2.3 keV flux is 3.2 x 10^-13 in Table 1 and 3.3 +/- 0.7 x 10^-13 in the abstract; fixed 1-10 and 0.1-10 keV columns remain NA. Orbital period 0.16811989(36) d; 2022 WD spin 319.34903(8) s. See J1912 measurement ledger for observed/unabsorbed X-ray conventions and 2025 candidate results."
R0078,gaia-dr3:855784912471554176,ILT J1101+5521,78,long_period_transient,WD+M detached LPT; WD favored by blue excess/SED; magnetic/polar status unconfirmed,0.120-0.168,41000-256000 peak (7 pulses; 431000 at 1-s resolution for brightest),Peak-brightness range,,,,,,,,,,41000,256000,"The report gives an interval, not one point value; endpoints are stored separately.",false,Not specified for this summary value; see linked measurement records,,Reported detection; significance not harmonized,<1.6 (brightest pulses; other bright-pulse limits <1.6 and <4.2),deRuiter+25,28,deRuiter+25,M04341; M04342; M04345,"qualified source/reference link only; observable, value, uncertainty, or epoch is unresolved","Detected LPT with M4.5V donor (M4.0V not excluded) and WD strongly favored by blue excess/two-component spectrum; no direct WD lines or field measurement. deRuiter+25 report seven 30–90 s LOFAR pulses at 120–168 MHz, peak 41–256 mJy/beam, 2% duty cycle, detections in 7/26 periods, 1-s brightest peak 431 mJy/beam, spectral index −4.1±1.1, DM=16±6 pc cm−3, linear polarization 51±6%, circular-polarization limits <1.6% and <4.2%. Published 125.52978±0.00002 min converts to 7531.7868±0.0012 s topocentric; Rodriguez+26 cites a distinct barycentric 7531.1699±0.0012 s from private communication. RV orbit is 7530±390 s, too imprecise to establish sub-second equality or WD spin. Distances remain competing: Rodriguez+26 SED 300±30 pc; deRuiter+25 SED 333±25 pc; Gaia geometric posterior 504 pc [395,652] (photogeometric 710 pc [615,845]). Main display retains Rodriguez SED fit for compatibility but alternatives are unresolved. Swift XRT/UVOT are upper limits only and model/band dependent."
R0079,gaia-dr3:5566254014771398912,GLEAM-X J0704-37,79,long_period_transient,WD+M detached,0.072-1.050,NA,Missing,,,,,,,,,,,,No numeric radio value was reported.,false,Not specified for this summary value; see linked measurement records,,Reported detection; significance not harmonized,NA,Hurley-Walker+24,30,Hurley-Walker+24,M04481; M04482,"qualified reference, observable, and available band/epoch link; value or uncertainties do not resolve a point record","WD+M-dwarf interpretation is favored by the optical composite-spectrum model; the WD itself is not directly resolved spectroscopically, and magnetic/polar status is unconfirmed. Hurley-Walker+24 detected 30–60 s recurring pulses at 10496.5522 +/- 0.0008 s in MWA 72–231 MHz/MeerKAT UHF 550–1050 MHz; 3-sigma persistent UHF limit <30 uJy/beam outside pulses. Rodriguez+25 Keck Na I RVs give Porb=10496 +/- 5 s, nearly matching the radio recurrence; this is not a measured WD spin. The ~6.27 yr timing term may be timing noise or another orbit. Catalog distance retains Rodriguez+25/+26 composite SED fit 380 +/- 10 pc; competing DM, Gaia/Bailer-Jones, and discovery 1.5 +/- 0.5 kpc values remain separate in the measurement ledger and GLEAM0704-001. XMM reports unabsorbed 0.3–10 keV upper limits only; the main fixed-band X-ray flux cells remain NA. See [local artifact withheld]"
R0080,name:chime-ilt-j1634-plus-44,CHIME/ILT J1634+44,80,long_period_transient,LPT; WD-hosting interpretation is a candidate; NS-like alternative remains viable,0.110-3.000,"383000 +/- 52000 peak Stokes I per Bloot+25 Table 2; Table 1 labels 383 +/- 52 mJy as Stokes V, while Table 2 gives Stokes V=-346 +/- 33 mJy",Peak brightness (Stokes I),,,,,,,383000,52000,52000,,,"This is peak brightness, not integrated flux density; retained in the peak-brightness fields.",false,Quoted table uncertainty; Table 2 pulse flux density.,Peak Stokes I flux density of the 2016-05-19 pulse.; 2016-05-19; LOFAR 120–167 MHz.,Secure reported detection,~100 variable,Bloot+25,32,Bloot+25,M04571,"displayed observable, value, and uncertainties match the cited record; available band and observing-epoch descriptors agree","J1634+44 is catalogued here as a white-dwarf-hosting LPT candidate. Bloot+25 report ILT J163430+445010 with 19 LOFAR pulses, duration <=10 s, pulse period 841.24808 +/- 0.00015 s, maximum Stokes V flux density 383 +/- 52 mJy, DM=22.5 +/- 5.5 pc cm^-3, distance 1.0-4.3 kpc, and a marginal UV/optical counterpart suggestive of a 15000-33000 K white dwarf. They propose possible spin-orbit resonance with a companion period of 2103.110 s or 1402 s, but this is not entered as P_orb. Dong+25 report CHIME J1634+44, VLA localization, 841 s pulses, a secondary 4206 s bursting pattern, peak flux about 0.4-9 Jy in CHIME/Pulsar data, and 0.3-10 keV Swift/XRT upper limits; no confirmed Gaia DR3 counterpart is available. Audit correction: Bloot+25 Table 2 identifies the 383 +/- 52 mJy 2016-05-19 value as Stokes I and gives Stokes V=-346 +/- 33 mJy; Table 1 note conflicts by calling 383 +/- 52 mJy Stokes V. Retain detailed Table 2 identification and flag CHIME1634-005. Later detections extend from 110 MHz to 3 GHz; frequencies, observing states and fluxes remain separate in rawdog_measurements.csv. The LOFAR and VLA positions differ by 3.53 arcsec; optical/UV associations remain unresolved, and no Gaia ID is assigned."
R0081,gaia-dr3:5946454415417964032,ASKAP J174508.9-505149,81,long_period_transient,accreting magnetic CV,0.856-2.110,22900 +/- 2300,Point flux density,22900,2300,2300,,,,,,,,,,false,Not specified for this summary value; see linked measurement records,"Time- and frequency-averaged Stokes-I continuum image peak; error includes fit/RMS and stated flux-scale term.; 2020-12-27; center 1.365 GHz, bandwidth 288 MHz; RACS-mid; one pulse in search",Reported detection; significance not harmonized,0-56 absolute across pulse summaries,Rose+26,34,Rose+26,M04740,displayed value and uncertainties match the cited Stokes-I image-peak record; point/peak observable labeling is qualified,"Accreting magnetic CV and radio LPT; Rose+26 directly confirms the CV from optical emission-line spectra and an X-ray outburst. Adopt the spectroscopic orbital period 1.368 +/- 0.053 h; the phase-connected radio recurrence period is separately 4841.89(+0.12/-0.14) s (1.34497 h) and the X-ray period is 4868 +/- 22 s. The 22.9 +/- 2.3 mJy/beam RACS-mid value is the time/frequency-averaged Stokes-I continuum-image peak, not instantaneous pulse peak flux. Rose+26 distance range is 0.4–9.1 kpc; parallax and photogeometric estimates remain separate. Gaia DR3 5946454415417964032 is the secure preferred counterpart; a neighbor 0.9 arcsec away may contaminate low-resolution photometry. Polar/asynchronous-polar/IP subtype, WD spin, WD photospheric Teff, WD mass and field, companion mass/Teff, and distance remain uncertain or model dependent. Rose+26's published UV dereddening table is superseded only by corrected inputs in the public repository; no revised peer-reviewed fit was located. See measurement ledger and ASKAP174508 review queue."
R0082,gaia-dr3:1123169888190445568,Z Cam,82,non_magnetic_cv,non_magnetic_cv,7.976-12.024,33.1 +/- 4.4,Point flux density,33.1,4.4,4.4,,,,,,,,,,false,Reported fit uncertainty; paper does not define confidence level for detection errors,"VLA C configuration, Stokes I, X band 7.976–12.024 GHz; VLA Obs. 3; MJD 56988.14601; normal optical outburst; 1770 s integration",Reported detection; significance not harmonized,NA,Coppejans+16,7,Coppejans+16,M03840,"displayed observable, value, and uncertainties match the cited record; available band and observing-epoch descriptors agree","Third distinct VLA X-band normal-outburst detection on MJD 56988.14601; 33.1 +/- 4.4 uJy. X-ray comparison-band fluxes are not copied because they are non-simultaneous and not part of this radio observation. See source ledger for polarization limits and epoch/state. Orbital period 6.956174 +/- 0.000005 h (Thorstensen & Ringwald 1995). X-ray comparison-band fluxes are asterisked approximate unabsorbed PIMMS/MEKAL conversions from Saitou+12, not native Suzaku band values; non-simultaneous with the radio epochs."
R0083,gaia-dr3:1326482511724121344,V1084 Her,83,non_magnetic_cv,SW Sex novalike; magnetic status debated,4-8,< 11.4 +/- 3.8,Upper limit,,,,11.4,,,,,,,,Censored observation; threshold is stored separately from a point flux.,true,Not specified for this summary value; see linked measurement records,,Upper limit,NA,Coppejans+15,6,Coppejans+15,M04095,"qualified reference, observable, and available band/epoch link; value or uncertainties do not resolve a point record","Audited 2026-09-25. Patterson+02 establishes Porb=0.120560(14) d; the 19.38-min circular-polarization modulation and tentative 1549-s X-ray/UV signal are distinct and neither is a secure spin. VLA epochs are separate 3-sigma limits; stored +/- values after the limit are image RMS, not flux errors. Magnetic classification remains disputed; see measurement ledger/review queue. Existing Ridder+23 X-ray conversions are not simultaneous with VLA and absorption convention is unspecified."
R0084,gaia-dr3:4266547566124966912,V603 Aql,84,non_magnetic_cv,non_magnetic_cv,7.964-10.012,32 +/- 7,Point flux density,32,7,7,,,,,,,,,,false,Not specified for this summary value; see linked measurement records,VLA Stokes I; semester summary; Semester 2013B; exact date/epoch mapping not specified,Reported detection; significance not harmonized,+100 +/- 59,Barrett+20,2,Barrett+20,M04236,"displayed observable, value, and uncertainties match the cited record; available band and observing-epoch descriptors agree","VLA X-band Stokes I 32±7 μJy and RR/LL-derived +100±59% CP; Semester 2013B summary, exact date not specified. Keep separate from Barrett+17 epoch summaries; see V603 review queue. Source-level X-ray values are approximate Ridder+23 Table 4 catalog conversions (underlying 2SXPS source Evans+20), non-simultaneous with radio; see measurement ledger for model/band caveats."
R0085,gaia-dr3:4266547566124966912,V603 Aql,85,non_magnetic_cv,non_magnetic_cv,8-12,90 +/- 10,Point flux density,90,10,10,,,,,,,,,,false,Not specified for this summary value; see linked measurement records,VLA X-band full-band Stokes I; 2017-12-18,Reported detection; significance not harmonized,+33 +/- 12 RCP,Ridder+26_Broadband,136,Ridder+26_Broadband,M04246,"displayed observable, value, and uncertainties match the cited record; available band and observing-epoch descriptors agree","New VLA X-band epoch 2017-12-18: Stokes I 90±10 μJy, Stokes V +30±10 μJy, CP 33±12% RCP. Linear polarization <39 μJy (<43%). Source-level X-ray values are approximate Ridder+23 Table 4 catalog conversions (underlying 2SXPS source Evans+20), non-simultaneous with radio; see measurement ledger for model/band caveats."
R0086,gaia-dr3:4266547566124966912,V603 Aql,86,non_magnetic_cv,non_magnetic_cv,8-12,71 +/- 7,Point flux density,71,7,7,,,,,,,,,,false,Not specified for this summary value; see linked measurement records,VLA X-band full-band Stokes I; 2018-01-25,Reported detection; significance not harmonized,<25,Ridder+26_Broadband,136,Ridder+26_Broadband,M04249,"displayed observable, value, and uncertainties match the cited record; available band and observing-epoch descriptors agree","New VLA X-band epoch 2018-01-25: Stokes I 71±7 μJy, |Stokes V|<18 μJy, CP<25%. Linear polarization <27 μJy (<38%). Paper's stated ObsID 19A-166/date association is queued for archive verification. Source-level X-ray values are approximate Ridder+23 Table 4 catalog conversions (underlying 2SXPS source Evans+20), non-simultaneous with radio; see measurement ledger for model/band caveats."
R0087,gaia-dr3:1091051096255456384,SU UMa,87,non_magnetic_cv,non_magnetic_cv,8-12,35.5 +/- 3.8,Point flux density,35.5,3.8,3.8,,,,,,,,,,false,quoted 1σ,VLA X-band imaging/CASA IMFIT; Obs1; VLA X-band; superoutburst; MJD 57027.15094; duration 4902s,Reported detection; significance not harmonized,NA,Coppejans+16,7,Coppejans+16,M06145,"displayed observable, value, and uncertainties match the cited record; available band and observing-epoch descriptors agree","Obs1, 2015-12-02 UTC (MJD 57027.15094); VLA superoutburst observation from Coppejans+16 Table 3, omitted as a separate row in Ridder+23 Table 4. X-ray comparison fluxes are source-level approximate conversions tabulated in Ridder+23 from Collins+10 and are not simultaneous with this radio epoch."
R0088,gaia-dr3:3612227169936143360,QS Vir,88,non_magnetic_cv,non_magnetic_cv,2-4,620 +/- 20,Point flux density,620,20,20,,,,,,,,,,false,Reported RMS of background image region; not necessarily total calibration error,VLA full-Stokes observation; 2D Gaussian peak flux; S-band nominal 3 GHz center; 2022-11-28; 1 h VLA epoch (date in Table 2; prose date differs for December observation),Reported flux; significance not harmonized,-14 +/- 3 LCP,Ridder+25_QSVir,611,Ridder+25_QSVir,M06290,"displayed observable, value, and uncertainties match the cited record; available band and observing-epoch descriptors agree",VLA full-Stokes epoch 2022-11-28; flux error is the reported image-background RMS. Table date retained; December observing date conflicts with §2.1 prose (2022-12-28). See rawdog_measurements.csv and source audit note; spectral index corrected by Ridder+25corr_QSVir.
R0089,gaia-dr3:3612227169936143360,QS Vir,89,non_magnetic_cv,non_magnetic_cv,4-8,532 +/- 15,Point flux density,532,15,15,,,,,,,,,,false,Reported RMS of background image region; not necessarily total calibration error,VLA full-Stokes observation; 2D Gaussian peak flux; C-band nominal 6 GHz center; 2022-11-28; 1 h VLA epoch (date in Table 2; prose date differs for December observation),Reported flux; significance not harmonized,11 +/- 3 RCP,Ridder+25_QSVir,611,Ridder+25_QSVir,M06291,"displayed observable, value, and uncertainties match the cited record; available band and observing-epoch descriptors agree",VLA full-Stokes epoch 2022-11-28; flux error is the reported image-background RMS. Table date retained; December observing date conflicts with §2.1 prose (2022-12-28). See rawdog_measurements.csv and source audit note; spectral index corrected by Ridder+25corr_QSVir.
R0090,gaia-dr3:3612227169936143360,QS Vir,90,non_magnetic_cv,non_magnetic_cv,8-12,591 +/- 12,Point flux density,591,12,12,,,,,,,,,,false,Reported RMS of background image region; not necessarily total calibration error,VLA full-Stokes observation; 2D Gaussian peak flux; X-band nominal 10 GHz center; 2022-11-28; 1 h VLA epoch (date in Table 2; prose date differs for December observation),Reported flux; significance not harmonized,9.5 +/- 1.9 RCP,Ridder+25_QSVir,611,Ridder+25_QSVir,M06292,"displayed observable, value, and uncertainties match the cited record; available band and observing-epoch descriptors agree",VLA full-Stokes epoch 2022-11-28; flux error is the reported image-background RMS. Table date retained; December observing date conflicts with §2.1 prose (2022-12-28). See rawdog_measurements.csv and source audit note; spectral index corrected by Ridder+25corr_QSVir.
R0091,gaia-dr3:3612227169936143360,QS Vir,91,non_magnetic_cv,non_magnetic_cv,2-4,423 +/- 19,Point flux density,423,19,19,,,,,,,,,,false,Reported RMS of background image region; not necessarily total calibration error,VLA full-Stokes observation; 2D Gaussian peak flux; S-band nominal 3 GHz center; 2022-12-22; 1 h VLA epoch (date in Table 2; prose date differs for December observation),Reported flux; significance not harmonized,<11,Ridder+25_QSVir,611,Ridder+25_QSVir,M06293,"displayed observable, value, and uncertainties match the cited record; available band and observing-epoch descriptors agree",VLA full-Stokes epoch 2022-12-22; flux error is the reported image-background RMS. Table date retained; December observing date conflicts with §2.1 prose (2022-12-28). See rawdog_measurements.csv and source audit note; spectral index corrected by Ridder+25corr_QSVir.
R0092,gaia-dr3:3612227169936143360,QS Vir,92,non_magnetic_cv,non_magnetic_cv,4-8,393 +/- 15,Point flux density,393,15,15,,,,,,,,,,false,Reported RMS of background image region; not necessarily total calibration error,VLA full-Stokes observation; 2D Gaussian peak flux; C-band nominal 6 GHz center; 2022-12-22; 1 h VLA epoch (date in Table 2; prose date differs for December observation),Reported flux; significance not harmonized,<10,Ridder+25_QSVir,611,Ridder+25_QSVir,M06294,"displayed observable, value, and uncertainties match the cited record; available band and observing-epoch descriptors agree",VLA full-Stokes epoch 2022-12-22; flux error is the reported image-background RMS. Table date retained; December observing date conflicts with §2.1 prose (2022-12-28). See rawdog_measurements.csv and source audit note; spectral index corrected by Ridder+25corr_QSVir.
R0093,gaia-dr3:3612227169936143360,QS Vir,93,non_magnetic_cv,non_magnetic_cv,8-12,425 +/- 11,Point flux density,425,11,11,,,,,,,,,,false,Reported RMS of background image region; not necessarily total calibration error,VLA full-Stokes observation; 2D Gaussian peak flux; X-band nominal 10 GHz center; 2022-12-22; 1 h VLA epoch (date in Table 2; prose date differs for December observation),Reported flux; significance not harmonized,<7,Ridder+25_QSVir,611,Ridder+25_QSVir,M06295,"displayed observable, value, and uncertainties match the cited record; available band and observing-epoch descriptors agree",VLA full-Stokes epoch 2022-12-22; flux error is the reported image-background RMS. Table date retained; December observing date conflicts with §2.1 prose (2022-12-28). See rawdog_measurements.csv and source audit note; spectral index corrected by Ridder+25corr_QSVir.
R0094,gaia-dr3:3612227169936143360,QS Vir,94,non_magnetic_cv,non_magnetic_cv,2-4,645 +/- 19,Point flux density,645,19,19,,,,,,,,,,false,Reported RMS of background image region; not necessarily total calibration error,VLA full-Stokes observation; 2D Gaussian peak flux; S-band nominal 3 GHz center; 2023-01-09; 1 h VLA epoch (date in Table 2; prose date differs for December observation),Reported flux; significance not harmonized,-33 +/- 3 LCP,Ridder+25_QSVir,611,Ridder+25_QSVir,M06296,"displayed observable, value, and uncertainties match the cited record; available band and observing-epoch descriptors agree",VLA full-Stokes epoch 2023-01-09; flux error is the reported image-background RMS. Table date retained; December observing date conflicts with §2.1 prose (2022-12-28). See rawdog_measurements.csv and source audit note; spectral index corrected by Ridder+25corr_QSVir.
R0095,gaia-dr3:3612227169936143360,QS Vir,95,non_magnetic_cv,non_magnetic_cv,4-8,495 +/- 17,Point flux density,495,17,17,,,,,,,,,,false,Reported RMS of background image region; not necessarily total calibration error,VLA full-Stokes observation; 2D Gaussian peak flux; C-band nominal 6 GHz center; 2023-01-09; 1 h VLA epoch (date in Table 2; prose date differs for December observation),Reported flux; significance not harmonized,<10,Ridder+25_QSVir,611,Ridder+25_QSVir,M06297,"displayed observable, value, and uncertainties match the cited record; available band and observing-epoch descriptors agree",VLA full-Stokes epoch 2023-01-09; flux error is the reported image-background RMS. Table date retained; December observing date conflicts with §2.1 prose (2022-12-28). See rawdog_measurements.csv and source audit note; spectral index corrected by Ridder+25corr_QSVir.
R0096,gaia-dr3:3612227169936143360,QS Vir,96,non_magnetic_cv,non_magnetic_cv,8-12,486 +/- 16,Point flux density,486,16,16,,,,,,,,,,false,Reported RMS of background image region; not necessarily total calibration error,VLA full-Stokes observation; 2D Gaussian peak flux; X-band nominal 10 GHz center; 2023-01-09; 1 h VLA epoch (date in Table 2; prose date differs for December observation),Reported flux; significance not harmonized,11 +/- 3 RCP,Ridder+25_QSVir,611,Ridder+25_QSVir,M06298,"displayed observable, value, and uncertainties match the cited record; available band and observing-epoch descriptors agree",VLA full-Stokes epoch 2023-01-09; flux error is the reported image-background RMS. Table date retained; December observing date conflicts with §2.1 prose (2022-12-28). See rawdog_measurements.csv and source audit note; spectral index corrected by Ridder+25corr_QSVir.
R0097,name:askap-j144834-685644,ASKAP J144834-685644,97,long_period_transient,confirmed CV; candidate polar; possible period bouncer,0.799-1.090,760 +/- 40,Point flux density,760,40,40,,,,,,,,,,false,Reported error; confidence level not stated,ASKAP EMU time/frequency-integrated discovery image; mJy multiplied by 1000; 2023-06-15; 0.799-1.090 GHz,Secure reported detection,42-58 absolute for 2023-06-15 bright bursts (signed fractions in ledger),Anumarlapudi+25,668,Anumarlapudi+25,M07199,"displayed observable, value, and uncertainties match the cited record; available band and observing-epoch descriptors agree","ASKAP EMU discovery 2023-06-15; 760 +/- 40 uJy is the reported continuum-image flux, not a burst peak. Individual Table B1 Stokes-I burst fluxes and signed polarizations are in the ledger. MeerKAT position is published as J2000, not Gaia J2016 astrometry. Mo+26 confirms a CV with Porb=98.6 +4.2/-4.1 min (68% credible interval); radio recurrence 93.8513 +/- 0.0008 min is a plausible, potentially nonunique timing solution. No Gaia counterpart in the discovery-paper search; no adopted distance, WD spin or surface field. XMM model fluxes are preserved with absorption/model distinctions; fixed catalogue bands are unfilled."
