source_id,source_name,gaia_dr3_id,token,classification_labels,display_group,qualified_status,white_dwarf_host_confidence,included,exclusion_reason,ra_deg,dec_deg,galactic_l_deg,galactic_b_deg,equatorial_wrapped_rad,galactic_wrapped_rad,coordinate_frame,coordinate_epoch,fallback_status,coordinate_measurement_ids,coordinate_reference_keys,transformation,coordinate_qualification
gaia-dr3:4226332451596335616,AE Aqr,4226332451596335616,d10fe0eaeb4e,cataclysmic_variable; magnetic_cv,magnetic_cv,false,established,true,,310.03847972171,-0.87079091815,45.280657178850056,-24.41887888263543,0.8719930281580738,-0.7902965552377402,ICRS,J2016.0,Gaia DR3,M02930; M02931,GaiaDR3+22_AEAqr,Astropy ICRS to Galactic (same selected position); fallback uses declared ICRS-alignment approximation,Audited Gaia DR3 native reference-epoch position; no propagation to epoch 2000.
gaia-dr3:2123837555230207744,AM Her,2123837555230207744,b58756fd92d7,cataclysmic_variable; magnetic_cv,magnetic_cv,false,established,true,,274.0549108233,49.86811346319,77.86489955386214,25.876476068314627,1.5000247820535573,-1.358998868949558,ICRS,J2016.0,Gaia DR3,M02539; M02540,GaiaDR3_AMHer,Astropy ICRS to Galactic (same selected position); fallback uses declared ICRS-alignment approximation,Audited Gaia DR3 native reference-epoch position; no propagation to epoch 2000.
gaia-dr3:1223491257550872192,AP CrB,1223491257550872192,161b57735938,cataclysmic_variable; magnetic_cv,magnetic_cv,false,established,true,,238.55135687533,27.36463314834,44.1647095028813,49.614276632415255,2.119678694605066,-0.7708195940121066,ICRS,J2016.0,Gaia DR3,M02114; M02115,GaiaDR3_APCrB,Astropy ICRS to Galactic (same selected position); fallback uses declared ICRS-alignment approximation,Audited Gaia DR3 native reference-epoch position; no propagation to epoch 2000.
gaia-dr3:6050296829033196032,AR Sco,6050296829033196032,d529b27a15f8,white_dwarf_pulsar,white_dwarf_pulsar,false,established,true,,245.447060075145,-22.886447087035,353.5190792854004,18.71188654294551,1.9993259695279848,0.1131134050304671,ICRS,J2016.0,Gaia DR3,M06923; M06924,GaiaDR3_ARSco,Astropy ICRS to Galactic (same selected position); fallback uses declared ICRS-alignment approximation,Audited Gaia DR3 native reference-epoch position; no propagation to epoch 2000.
gaia-dr3:783921244796958208,AR UMa,783921244796958208,da49c3af24a7,cataclysmic_variable; magnetic_cv,magnetic_cv,false,established,true,,168.935293871879,42.972893591401,167.4551362177835,64.96612569798536,-2.9484771008884887,-2.922643476375926,ICRS,J2016.0,Gaia DR3,M01335; M01336,GaiaDR3_ARUMa,Astropy ICRS to Galactic (same selected position); fallback uses declared ICRS-alignment approximation,Audited Gaia DR3 native reference-epoch position; no propagation to epoch 2000.
gaia-dr3:5946454415417964032,ASKAP J174508.9-505149,5946454415417964032,5236d297c01d,long_period_transient; magnetic_cv; long_period_radio_transient,long_period_transient,true,inferred_or_proposed,true,,266.28721988274,-50.86386069209,340.99992146291845,-11.1550221618977,1.6355965642436652,0.33161392860958055,ICRS,J2016.0,Gaia DR3,M04635; M04636,GaiaDR3_ASKAP174508;VizieR_GaiaDR3_ASKAP174508,Astropy ICRS to Galactic (same selected position); fallback uses declared ICRS-alignment approximation,Audited Gaia DR3 native reference-epoch position; no propagation to epoch 2000.
gaia-dr3:1374430388449392000,BM CrB,1374430388449392000,20fb3e3520b8,cataclysmic_variable; magnetic_cv,magnetic_cv,false,established,true,,235.26944682779,36.04798471808,57.69359770649876,53.09388236897048,2.1769588306889216,-1.0069432372994525,ICRS,J2016.0,Gaia DR3,M01799; M01800,GaiaDR3_BMCrB,Astropy ICRS to Galactic (same selected position); fallback uses declared ICRS-alignment approximation,Audited Gaia DR3 native reference-epoch position; no propagation to epoch 2000.
gaia-dr3:107522105369340800,BS Tri,107522105369340800,b43ec5826265,cataclysmic_variable; magnetic_cv,magnetic_cv,false,established,true,,32.37423388186,28.54132872352,143.01144126922222,-31.268729891528128,-0.5650369740491619,-2.4960205181704267,ICRS,J2016.0,Gaia DR3,M00252; M00253,GaiaDR3+22_BSTri,Astropy ICRS to Galactic (same selected position); fallback uses declared ICRS-alignment approximation,Audited Gaia DR3 native reference-epoch position; no propagation to epoch 2000.
gaia-dr3:558935743846455296,Cas 1,558935743846455296,7e2cc608233a,cataclysmic_variable; magnetic_cv,magnetic_cv,true,established,true,,28.33754835899,74.77278617252,127.0473631297205,12.397899753130355,-0.4945835208074917,-2.2173947925904707,ICRS,J2016.0,Gaia DR3,M00074; M00075,GaiaDR3+22,Astropy ICRS to Galactic (same selected position); fallback uses declared ICRS-alignment approximation,Audited Gaia DR3 native reference-epoch position; no propagation to epoch 2000.
name:chime-ilt-j1634-plus-44,CHIME/ILT J1634+44,,b1004d61436a,long_period_transient; long_period_radio_transient,long_period_transient,true,unresolved,true,,248.6248333333,44.8370833333,70.17068759888481,42.575368777209086,1.9438633632913531,-1.2247095369888938,Published J2000 coordinates; exact reference-system realization unspecified,Published J2000 reference frame; VLA/realfast detections near MJD 60301.,literature radio position,M04513; M04514,Dong+25,Astropy ICRS to Galactic (same selected position); fallback uses declared ICRS-alignment approximation,"VLA calibrated radio localization, not a Gaia counterpart. ICRS alignment assumed only for this coarse all-sky transformation; no FK5 or proper-motion propagation asserted. Compare published rounded Galactic position M04521/M04522."
gaia-dr3:4972697024889419520,CM Phe,4972697024889419520,d0794bc73417,cataclysmic_variable,cataclysmic_variable,false,established,true,,5.38841651075,-51.70966976461,313.8321426250178,-64.78148133142686,-0.09404560958141202,0.8057811197845856,ICRS,J2016.0,Gaia DR3,M05600; M05601,GaiaDR3_CMPhe,Astropy ICRS to Galactic (same selected position); fallback uses declared ICRS-alignment approximation,Audited Gaia DR3 native reference-epoch position; no propagation to epoch 2000.
gaia-dr3:5099482805904892288,EF Eri,5099482805904892288,fb4cbed6c2b7,cataclysmic_variable; magnetic_cv,magnetic_cv,false,established,true,,48.55588355472,-22.59549878489,212.93885889390185,-57.40469206393501,-0.8474600392448322,2.5667011140413885,ICRS,J2016.0,Gaia DR3,M00330; M00331,GaiaDR3+22_EFEri,Astropy ICRS to Galactic (same selected position); fallback uses declared ICRS-alignment approximation,Audited Gaia DR3 native reference-epoch position; no propagation to epoch 2000.
gaia-dr3:5041907811522399488,EQ Cet,5041907811522399488,0284f7628fd1,cataclysmic_variable; magnetic_cv,magnetic_cv,false,established,true,,22.2191299628,-23.66236744532,192.70208166496045,-80.86558956193403,-0.38779697477938513,2.91989950667903,ICRS,J2016.0,Gaia DR3,M00006; M00007,GaiaDR3+22,Astropy ICRS to Galactic (same selected position); fallback uses declared ICRS-alignment approximation,Audited Gaia DR3 native reference-epoch position; no propagation to epoch 2000.
gaia-dr3:4019704731785215360,EU UMa,4019704731785215360,e075bc4ecf3c,cataclysmic_variable; magnetic_cv,magnetic_cv,false,established,true,,177.48200437697,28.75199218593,202.5369702374434,76.3280360949801,-3.0976453394171135,2.748248319522438,ICRS,J2016.0,Gaia DR3,M01472; M01473,GaiaDR3+22_EUUMa,Astropy ICRS to Galactic (same selected position); fallback uses declared ICRS-alignment approximation,Audited Gaia DR3 native reference-epoch position; no propagation to epoch 2000.
gaia-dr3:2507796391561705728,FL Cet,2507796391561705728,9871b52c0660,cataclysmic_variable; magnetic_cv,magnetic_cv,false,established,true,,28.93112797886,0.46871218974,154.79254088137998,-58.36920874419356,-0.5049434395469593,-2.701639495908006,ICRS,J2016.0,Gaia DR3,M00148; M00149,GaiaDR3+22_FLCet,Astropy ICRS to Galactic (same selected position); fallback uses declared ICRS-alignment approximation,Audited Gaia DR3 native reference-epoch position; no propagation to epoch 2000.
gaia-dr3:719893044876142848,FR Lyn,719893044876142848,058865c0221a,cataclysmic_variable; magnetic_cv,magnetic_cv,false,established,true,,133.55839380788,39.09354086728,183.23903335972935,39.80500810639506,-2.331033715622713,3.085060856880583,ICRS,J2016.0,Gaia DR3,M05384; M05385,GaiaDR3_FRLyn,Astropy ICRS to Galactic (same selected position); fallback uses declared ICRS-alignment approximation,Audited Gaia DR3 native reference-epoch position; no propagation to epoch 2000.
gaia-dr3:5566254014771398912,GLEAM-X J0704-37,5566254014771398912,da96639c5a57,long_period_transient; long_period_radio_transient,long_period_transient,true,inferred_or_proposed,true,,106.05496359614598,-37.10404890406633,247.91230431683215,-13.62182814417538,-1.851008302835473,1.9562993406447138,ICRS,J2016.0,Gaia DR3,M04396; M04397,GaiaDR3_GLEAMXJ0704,Astropy ICRS to Galactic (same selected position); fallback uses declared ICRS-alignment approximation,Audited Gaia DR3 native reference-epoch position; no propagation to epoch 2000.
gaia-dr3:1325655193647771008,Her 1,1325655193647771008,59b1f4430a17,cataclysmic_variable,cataclysmic_variable,true,established,true,,246.5339513744995,33.4743854360325,54.49508958711226,43.73012549080722,1.98035613774297,-0.9511187394643862,ICRS,J2016.0,Gaia DR3,M02206; M02207,GaiaDR3_Her1,Astropy ICRS to Galactic (same selected position); fallback uses declared ICRS-alignment approximation,Audited Gaia DR3 native reference-epoch position; no propagation to epoch 2000.
gaia-dr3:594162958230409088,HS0922+1333,594162958230409088,4372404e3fee,cataclysmic_variable; magnetic_cv,magnetic_cv,true,established,true,,141.23301583296862,13.347729969174765,218.17202167586382,40.00361849274711,-2.464981138806584,2.4753651932033263,ICRS,J2016.0,Gaia DR3,M01017; M01018,GaiaDR3_HS0922,Astropy ICRS to Galactic (same selected position); fallback uses declared ICRS-alignment approximation,Audited Gaia DR3 native reference-epoch position; no propagation to epoch 2000.
gaia-dr3:6911950900211768704,HU Aqr,6911950900211768704,f7896b21eed6,cataclysmic_variable; magnetic_cv,magnetic_cv,false,established,true,,316.99218863916,-5.29487816092,44.761930976742406,-32.638087602139144,0.7506279123232807,-0.7812430750945963,ICRS,J2016.0,Gaia DR3,M05484; M05485,GaiaDR3_HUAqr,Astropy ICRS to Galactic (same selected position); fallback uses declared ICRS-alignment approximation,Audited Gaia DR3 native reference-epoch position; no propagation to epoch 2000.
gaia-dr3:583340808875713280,Hya 1,583340808875713280,ef9294b65c65,cataclysmic_variable; magnetic_cv,magnetic_cv,false,established,true,,134.78830856583,5.61512416859,223.19381065353124,30.866631433160823,-2.3524997776678096,2.3877184412026686,ICRS,J2016.0,Gaia DR3,M00918; M00919,GaiaDR3_RXJ0859,Astropy ICRS to Galactic (same selected position); fallback uses declared ICRS-alignment approximation,Audited Gaia DR3 native reference-epoch position; no propagation to epoch 2000.
gaia-dr3:855784912471554176,ILT J1101+5521,855784912471554176,7a018809145c,long_period_transient; long_period_radio_transient,long_period_transient,true,inferred_or_proposed,true,,165.460707410975,55.355482875198,150.45487563510815,55.52008798926164,-2.8878341270004966,-2.625932955511231,ICRS,J2016.0,Gaia DR3,M04269; M04270,GaiaDR3_ILTJ1101,Astropy ICRS to Galactic (same selected position); fallback uses declared ICRS-alignment approximation,Audited Gaia DR3 native reference-epoch position; no propagation to epoch 2000.
gaia-dr3:5091939988633728640,IM Eri,5091939988633728640,0e6ca63a14d2,cataclysmic_variable,cataclysmic_variable,false,established,true,,66.17151609108,-20.12003306901,216.75678567359782,-41.00561510451126,-1.1549108268257535,2.500065721135629,ICRS,J2016.0,Gaia DR3,M03524; M03525,GaiaDR3_IMEri,Astropy ICRS to Galactic (same selected position); fallback uses declared ICRS-alignment approximation,Audited Gaia DR3 native reference-epoch position; no propagation to epoch 2000.
gaia-dr3:5515820034889610112,IX Vel,5515820034889610112,035044da46f5,cataclysmic_variable,cataclysmic_variable,false,established,true,,123.82883958293,-49.22283221075,264.9296204361257,-7.890399842059257,-2.161220959646011,1.6592911445103378,ICRS,J2016.0,Gaia DR3,M03635; M03636,GaiaDR3_IXVel,Astropy ICRS to Galactic (same selected position); fallback uses declared ICRS-alignment approximation,Audited Gaia DR3 native reference-epoch position; no propagation to epoch 2000.
gaia-dr3:6231616192056505984,J1503-2207,6231616192056505984,f15cab4d779c,cataclysmic_variable; magnetic_cv,magnetic_cv,true,established,true,,225.974935081705,-22.11956450562,339.23470594620994,31.25639211219787,2.339178663023393,0.362422751383437,ICRS,J2016.0,Gaia DR3,M01697; M01698,GaiaDR3+22_J1503,Astropy ICRS to Galactic (same selected position); fallback uses declared ICRS-alignment approximation,Audited Gaia DR3 native reference-epoch position; no propagation to epoch 2000.
gaia-dr3:6712706405280342784,J191213.72-441045.1,6712706405280342784,747167098fd5,white_dwarf_pulsar,white_dwarf_pulsar,false,established,true,,288.057063026645,-44.179239022866,353.3431947539128,-22.061308296203983,1.255641123739809,0.11618316920825256,ICRS,J2016.0,Gaia DR3,M07068; M07069,GaiaDR3_J1912,Astropy ICRS to Galactic (same selected position); fallback uses declared ICRS-alignment approximation,Audited Gaia DR3 native reference-epoch position; no propagation to epoch 2000.
gaia-dr3:4240284979281473920,J1955+0045,4240284979281473920,cfd90cdc0311,cataclysmic_variable; magnetic_cv,magnetic_cv,false,established,true,,298.80198742197,0.76010863561,41.04400514913087,-13.79123066850228,1.0681068151635265,-0.7163530280578398,ICRS,J2016.0,Gaia DR3,M02743; M02744,GaiaDR3_J1955,Astropy ICRS to Galactic (same selected position); fallback uses declared ICRS-alignment approximation,Audited Gaia DR3 native reference-epoch position; no propagation to epoch 2000.
gaia-dr3:4339398736975240192,LS IV -08 3,4339398736975240192,2739f39a61c8,cataclysmic_variable,cataclysmic_variable,false,established,true,,254.12335247093,-8.57737899731,10.977031484723192,20.799074679208427,1.84789610035579,-0.19158534150350146,ICRS,J2016.0,Gaia DR3,M06360; M06361,GaiaDR3_LSIV083,Astropy ICRS to Galactic (same selected position); fallback uses declared ICRS-alignment approximation,Audited Gaia DR3 native reference-epoch position; no propagation to epoch 2000.
gaia-dr3:1099223590090176896,LW Cam,1099223590090176896,aa7433499f0e,cataclysmic_variable; magnetic_cv,magnetic_cv,false,established,true,,106.04185306407,62.0577709301,154.07136229298382,25.21250079392642,-1.8507794808840587,-2.6890525550456084,ICRS,J2016.0,Gaia DR3,M00687; M00688,GaiaDR3+22_LWCam,Astropy ICRS to Galactic (same selected position); fallback uses declared ICRS-alignment approximation,Audited Gaia DR3 native reference-epoch position; no propagation to epoch 2000.
gaia-dr3:1597621426298361216,MQ Dra,1597621426298361216,e462baf7c6bd,cataclysmic_variable; magnetic_cv,magnetic_cv,true,established,true,,238.3794127417752,55.27066945578098,86.43700884661997,46.886826361741,2.122679685865085,-1.5086103999489846,ICRS,J2016.0,Gaia DR3,M02002; M02004,GaiaDR3_MQDra,Astropy ICRS to Galactic (same selected position); fallback uses declared ICRS-alignment approximation,Audited Gaia DR3 native reference-epoch position; no propagation to epoch 2000.
gaia-dr3:1203639265875666304,MR Ser,1203639265875666304,f29f0b39b400,cataclysmic_variable; magnetic_cv,magnetic_cv,false,established,true,,238.19644846057,18.94162129473,31.716202502085753,47.70947690756253,2.125873014985662,-0.5535521598906603,ICRS,J2016.0,Gaia DR3,M01918; M01919,GaiaDR3_MRSer,Astropy ICRS to Galactic (same selected position); fallback uses declared ICRS-alignment approximation,Audited Gaia DR3 native reference-epoch position; no propagation to epoch 2000.
gaia-dr3:1833014187092198912,QQ Vul,1833014187092198912,e29b40954013,cataclysmic_variable; magnetic_cv,magnetic_cv,false,established,true,,301.42460520402,22.66627826214,61.53221037482589,-4.919281474973494,1.0223334998454032,-1.0739396670705261,ICRS,J2016.0,Gaia DR3,M02821; M02822,GaiaDR3_QQVul,Astropy ICRS to Galactic (same selected position); fallback uses declared ICRS-alignment approximation,Audited Gaia DR3 native reference-epoch position; no propagation to epoch 2000.
gaia-dr3:3612227169936143360,QS Vir,3612227169936143360,0abdfe1082f8,cataclysmic_variable,cataclysmic_variable,true,established,true,,207.46686995794,-13.22686506299,324.1249595690841,47.22628800780771,2.6622053376066237,0.6261375748055673,ICRS,J2016.0,Gaia DR3,M06217; M06218,GaiaDR3+22_QSVir,Astropy ICRS to Galactic (same selected position); fallback uses declared ICRS-alignment approximation,Audited Gaia DR3 native reference-epoch position; no propagation to epoch 2000.
gaia-dr3:3769067109159364608,RW Sex,3769067109159364608,c86ae3a6a2df,cataclysmic_variable,cataclysmic_variable,false,established,true,,154.98584036215,-8.69899161391,251.87356152645953,38.71748967626416,-2.705013208289838,1.887162359818353,ICRS,J2016.0,Gaia DR3,M03899; M03900,GaiaDR3_RWSex,Astropy ICRS to Galactic (same selected position); fallback uses declared ICRS-alignment approximation,Audited Gaia DR3 native reference-epoch position; no propagation to epoch 2000.
gaia-dr3:374510294830244992,RX And,374510294830244992,b3ac00e7389d,cataclysmic_variable,cataclysmic_variable,false,established,true,,16.14809426617,41.29928403488,125.58691924918061,-21.50464109278056,-0.2818374128670842,-2.191905238334446,ICRS,J2016.0,Gaia DR3,M03279; M03280,GaiaDR3_RXAnd,Astropy ICRS to Galactic (same selected position); fallback uses declared ICRS-alignment approximation,Audited Gaia DR3 native reference-epoch position; no propagation to epoch 2000.
gaia-dr3:3393408546234335488,RXJ0502.8+1624 (Tau 4),3393408546234335488,02b410a21e8c,cataclysmic_variable; magnetic_cv,magnetic_cv,false,established,true,,75.71246603978,16.40594745792,185.08491368170402,-15.115000378416612,-1.321431817198553,3.0528441676643507,ICRS,J2016.0,Gaia DR3,M00581; M00582,GaiaDR3+22_Tau4,Astropy ICRS to Galactic (same selected position); fallback uses declared ICRS-alignment approximation,Audited Gaia DR3 native reference-epoch position; no propagation to epoch 2000.
gaia-dr3:1972957892448494592,SS Cyg,1972957892448494592,e1b274488f9d,cataclysmic_variable,cataclysmic_variable,false,established,true,,325.67903728581,43.58622246873,90.55964450593133,-7.110805748523849,0.5990138018168248,-1.580563966064095,ICRS,J2016.0,Gaia DR3,M06770; M06771,GaiaDR3_SSCyg,Astropy ICRS to Galactic (same selected position); fallback uses declared ICRS-alignment approximation,Audited Gaia DR3 native reference-epoch position; no propagation to epoch 2000.
gaia-dr3:3996419759863758592,ST LMi,3996419759863758592,640aea6968e4,cataclysmic_variable; magnetic_cv,magnetic_cv,false,established,true,,166.41569730496,25.10782702951,211.80317402167407,66.21411523606744,-2.9045018449738054,2.586522554326854,ICRS,J2016.0,Gaia DR3,M01223; M01224,GaiaDR3_STLMi,Astropy ICRS to Galactic (same selected position); fallback uses declared ICRS-alignment approximation,Audited Gaia DR3 native reference-epoch position; no propagation to epoch 2000.
gaia-dr3:1091051096255456384,SU UMa,1091051096255456384,d300138f475a,cataclysmic_variable,cataclysmic_variable,false,established,true,,123.117853056,62.606120972,153.9611860131929,33.13672231762322,-2.1488119038137627,-2.687129616205658,ICRS,J2016.0,Gaia DR3,M06077; M06078,GaiaDR3_SUUMa,Astropy ICRS to Galactic (same selected position); fallback uses declared ICRS-alignment approximation,Audited Gaia DR3 native reference-epoch position; no propagation to epoch 2000.
gaia-dr3:78395045917118976,TT Ari,78395045917118976,931b78a5fa24,cataclysmic_variable,cataclysmic_variable,false,established,true,,31.72112157741,15.29485318618,148.52729693776718,-43.79541846797077,-0.5536380139512219,-2.5922903606513286,ICRS,J2016.0,Gaia DR3,M03382; M03383,GaiaDR3_TTAri,Astropy ICRS to Galactic (same selected position); fallback uses declared ICRS-alignment approximation,Audited Gaia DR3 native reference-epoch position; no propagation to epoch 2000.
gaia-dr3:674214551557961984,U Gem,674214551557961984,5d0985189197,cataclysmic_variable,cataclysmic_variable,false,established,true,,118.77167046931,22.00122199675,199.22330615650108,23.3943169228786,-2.072956707783178,2.8060826680399535,ICRS,J2016.0,Gaia DR3,M05818; M05819,GaiaDR3_UGem,Astropy ICRS to Galactic (same selected position); fallback uses declared ICRS-alignment approximation,Audited Gaia DR3 native reference-epoch position; no propagation to epoch 2000.
gaia-dr3:5084805635638179584,UZ For,5084805635638179584,62995cb41d30,cataclysmic_variable; magnetic_cv,magnetic_cv,false,established,true,,53.86947096059,-25.73938583075,220.31205592577297,-53.414610686875996,-0.9401996345697682,2.4380145494369647,ICRS,J2016.0,Gaia DR3,M00448; M00449,GaiaDR3+22_UZFor,Astropy ICRS to Galactic (same selected position); fallback uses declared ICRS-alignment approximation,Audited Gaia DR3 native reference-epoch position; no propagation to epoch 2000.
gaia-dr3:1347851790791563136,V1007 Her,1347851790791563136,8810f7a8aff9,cataclysmic_variable; magnetic_cv,magnetic_cv,false,established,true,,261.02624673542,41.23534604026,66.26438729867412,33.33081244373986,1.7274178675234075,-1.1565317351785749,ICRS,J2016.0,Gaia DR3,M02283; M02284,GaiaDR3+22_V1007Her,Astropy ICRS to Galactic (same selected position); fallback uses declared ICRS-alignment approximation,Audited Gaia DR3 native reference-epoch position; no propagation to epoch 2000.
gaia-dr3:6179636986011888512,V1043 Cen,6179636986011888512,ea8e764d4438,cataclysmic_variable; magnetic_cv,magnetic_cv,false,established,true,,198.32120650509,-32.98693725744,308.2034603779408,29.661093242431402,2.821827277138169,0.9040201575446322,ICRS,J2016.0,Gaia DR3,M01576; M01577,GaiaDR3+22_V1043Cen,Astropy ICRS to Galactic (same selected position); fallback uses declared ICRS-alignment approximation,Audited Gaia DR3 native reference-epoch position; no propagation to epoch 2000.
gaia-dr3:1326482511724121344,V1084 Her,1326482511724121344,c4971034ba1b,cataclysmic_variable,cataclysmic_variable,true,established,true,,250.94040597929,34.04426546165,55.927628227987334,40.179135444643485,1.9034489965497103,-0.9761212554097007,ICRS,J2016.0,Gaia DR3,M04025; M04026,GaiaDR3_V1084Her,Astropy ICRS to Galactic (same selected position); fallback uses declared ICRS-alignment approximation,Audited Gaia DR3 native reference-epoch position; no propagation to epoch 2000.
gaia-dr3:4611319954072608384,V1323 Her,4611319954072608384,6c165f272fad,cataclysmic_variable; magnetic_cv,magnetic_cv,false,established,true,,270.91523968141,40.20558304701,66.85020135040043,25.786911661136354,1.554822380909388,-1.166756119185647,ICRS,J2016.0,Gaia DR3,M02390; M02391,GaiaDR3_V1323Her,Astropy ICRS to Galactic (same selected position); fallback uses declared ICRS-alignment approximation,Audited Gaia DR3 native reference-epoch position; no propagation to epoch 2000.
gaia-dr3:4193346037615507968,V1432 Aql,4193346037615507968,15c433311658,cataclysmic_variable; magnetic_cv,magnetic_cv,false,established,true,,295.047546699394,-10.423822727232,28.98399632239529,-15.503349703915417,1.1336341673434331,-0.5058661662117256,ICRS,J2016.0,Gaia DR3,M02636; M02637,GaiaDR3+22_V1432Aql,Astropy ICRS to Galactic (same selected position); fallback uses declared ICRS-alignment approximation,Audited Gaia DR3 native reference-epoch position; no propagation to epoch 2000.
gaia-dr3:4112610784274894208,V2400 Oph,4112610784274894208,f796ede516e7,cataclysmic_variable; magnetic_cv,magnetic_cv,false,established,true,,258.15175542535,-24.2457591864,359.86667023903817,8.739461726121013,1.777587205204094,0.0023270433196809085,ICRS,J2016.0,Gaia DR3,M03156; M03157,GaiaDR3+22,Astropy ICRS to Galactic (same selected position); fallback uses declared ICRS-alignment approximation,Audited Gaia DR3 native reference-epoch position; no propagation to epoch 2000.
gaia-dr3:5818105674344768768,V341 Ara,5818105674344768768,6fc86dc69012,cataclysmic_variable,cataclysmic_variable,true,established,true,,254.42248674145,-63.21105464155,326.88002270347556,-12.476142787264418,1.8426752224296643,0.5780526520101218,ICRS,J2016.0,Gaia DR3,M06467; M06468,GaiaDR3_V341Ara,Astropy ICRS to Galactic (same selected position); fallback uses declared ICRS-alignment approximation,Audited Gaia DR3 native reference-epoch position; no propagation to epoch 2000.
gaia-dr3:5553468275089335040,V347 Pup,5553468275089335040,31964ce9870e,cataclysmic_variable,cataclysmic_variable,false,established,true,,92.64027651211,-48.74036042027,256.42224292606505,-26.545271170008505,-1.6168778450942882,1.8077728927710126,ICRS,J2016.0,Gaia DR3,M05694; M05695,GaiaDR3_V347Pup,Astropy ICRS to Galactic (same selected position); fallback uses declared ICRS-alignment approximation,Audited Gaia DR3 native reference-epoch position; no propagation to epoch 2000.
gaia-dr3:2725143108496515840,V388 Peg,2725143108496515840,77543123a3c2,cataclysmic_variable; magnetic_cv,magnetic_cv,false,established,true,,329.38469100135,8.92078840446,67.3029283560132,-34.56374929943432,0.5343379435418906,-1.1746576960462844,ICRS,J2016.0,Gaia DR3,M03076; M03077,GaiaDR3_V388Peg,Astropy ICRS to Galactic (same selected position); fallback uses declared ICRS-alignment approximation,Audited Gaia DR3 native reference-epoch position; no propagation to epoch 2000.
gaia-dr3:6688624794231054976,V3885 Sgr,6688624794231054976,b95a90e22ef2,cataclysmic_variable,cataclysmic_variable,false,established,true,,296.919051123195,-42.007513477676,357.4764859307506,-27.76266179231819,1.100970253182466,0.0440436292288015,ICRS,J2016.0,Gaia DR3,M06605; M06606,GaiaDR3_V3885Sgr,Astropy ICRS to Galactic (same selected position); fallback uses declared ICRS-alignment approximation,Audited Gaia DR3 native reference-epoch position; no propagation to epoch 2000.
gaia-dr3:6749618724313541760,V5662 Sgr,6749618724313541760,78f1ad4d1ac8,cataclysmic_variable,cataclysmic_variable,false,established,true,,301.46283729254,-29.58357818447,12.144379662872842,-28.165664626786125,1.0216662240208156,-0.21195941072936997,ICRS,J2016.0,Gaia DR3,M06711; M06712,GaiaDR3_V5662Sgr,Astropy ICRS to Galactic (same selected position); fallback uses declared ICRS-alignment approximation,Audited Gaia DR3 native reference-epoch position; no propagation to epoch 2000.
gaia-dr3:4266547566124966912,V603 Aql,4266547566124966912,a7d2b2a94a4f,cataclysmic_variable,cataclysmic_variable,false,established,true,,282.2277045041,0.58408466229,33.16371186743443,0.8285875905260484,1.3573826232374109,-0.5788159642694478,ICRS,J2016.0,Gaia DR3,M04119; M04121,GaiaDR3_V603Aql,Astropy ICRS to Galactic (same selected position); fallback uses declared ICRS-alignment approximation,Audited Gaia DR3 native reference-epoch position; no propagation to epoch 2000.
gaia-dr3:5719598950133755392,VV Pup,5719598950133755392,56faebaf2847,cataclysmic_variable; magnetic_cv,magnetic_cv,false,established,true,,123.77841313132,-19.05523701982,239.65240768292782,8.713031176990759,-2.1603408520353184,2.1004617327807416,ICRS,J2016.0,Gaia DR3,M05298; M05299,GaiaDR3_VVPup,Astropy ICRS to Galactic (same selected position); fallback uses declared ICRS-alignment approximation,Audited Gaia DR3 native reference-epoch position; no propagation to epoch 2000.
gaia-dr3:755705822218381184,WX LMi,755705822218381184,f03f92b19f9f,cataclysmic_variable; magnetic_cv,magnetic_cv,false,established,true,,156.614656779343,38.750552858904,182.55511133963918,57.69236205530626,-2.7334414176803943,3.096997547958046,ICRS,J2016.0,Gaia DR3,M01121; M01122,GaiaDR3_WXLmi,Astropy ICRS to Galactic (same selected position); fallback uses declared ICRS-alignment approximation,Audited Gaia DR3 native reference-epoch position; no propagation to epoch 2000.
gaia-dr3:683908812437792000,YZ Cnc,683908812437792000,d68db621bd74,cataclysmic_variable,cataclysmic_variable,false,established,true,,122.73615730277,28.14232747333,194.08420536287562,28.808980984112523,-2.142150056179019,2.8957768974805704,ICRS,J2016.0,Gaia DR3,M05949; M05950,GaiaDR3_YZCnc,Astropy ICRS to Galactic (same selected position); fallback uses declared ICRS-alignment approximation,Audited Gaia DR3 native reference-epoch position; no propagation to epoch 2000.
gaia-dr3:1123169888190445568,Z Cam,1123169888190445568,9b83fb948d2a,cataclysmic_variable,cataclysmic_variable,false,established,true,,126.30485774161,73.11082757477,141.3822287331119,32.62860003652476,-2.204435628854144,-2.467585395200534,ICRS,J2016.0,Gaia DR3,M03736; M03737,GaiaDR3_ZCam,Astropy ICRS to Galactic (same selected position); fallback uses declared ICRS-alignment approximation,Audited Gaia DR3 native reference-epoch position; no propagation to epoch 2000.
name:askap-j144834-685644,ASKAP J144834-685644,,71817c95247b,long_period_transient; long_period_radio_transient; cataclysmic_variable,long_period_transient,true,established,true,,222.142875,-68.9455833333,313.1644330353266,-8.43389488301847,2.406060728583388,0.8174348505718372,Published J2000 coordinates; exact reference-system realization unspecified,Published J2000 label; no astrometric reference epoch specified,literature radio position,M07187; M07188,Anumarlapudi+25,Astropy ICRS to Galactic (same selected position); fallback uses declared ICRS-alignment approximation,"Published radio localization, not a Gaia counterpart. ICRS alignment assumed only for this coarse all-sky transformation; no FK5 or proper-motion propagation asserted."
