source_id,source_name,gaia_dr3_id,token,classification_labels,display_group,qualified_status,white_dwarf_host_confidence,included,exclusion_reason,G_observed_mag,BP_observed_mag,RP_observed_mag,G_error_mag,BP_error_mag,RP_error_mag,BP_RP_observed_mag,BP_RP_error_approx_mag,photometry_measurement_ids,photometry_reference_keys,distance_pc,distance_lower_pc,distance_upper_pc,distance_measurement_ids,distance_reference_keys,distance_method,distance_uncertainty_convention,selection,adoption_reason,M_G_observed_mag,M_G_lower_from_distance_upper,M_G_upper_from_distance_lower,M_G_photometric_error_mag,uncertainty_method,photometry_status,qualifications
gaia-dr3:4226332451596335616,AE Aqr,4226332451596335616,d10fe0eaeb4e,cataclysmic_variable; magnetic_cv,magnetic_cv,false,established,true,,10.94743,11.45785,10.23503,0.0053,0.01627,0.01386,1.2228200000000005,0.021373172436491502,M02941; M02942; M02943,GaiaDR3+22_AEAqr,91.3424377,91.2109375,91.4660568,M02945,BailerJones+21_AEAqr,Gaia EDR3 Bayesian geometric distance,Posterior median and p16/p84 offsets,Release preferred geometric posterior,Release-selected distance used; no compatibility absolute magnitude consumed.,6.144067011732913,6.141130217066015,6.1471954020485935,0.0053,"Recorded distance endpoints transformed nonlinearly at fixed G; retain the recorded interval convention, including unspecified conventions. Posterior quantiles are not Gaussian errors. Photometric error separate. Color error, where both available, approximates independent BP/RP errors in quadrature; covariance and variability ignored.","Observed Gaia DR3 mean system photometry; unresolved light, not extinction-corrected",Bayesian geometric prior; unresolved system photometry and variability
gaia-dr3:2123837555230207744,AM Her,2123837555230207744,b58756fd92d7,cataclysmic_variable; magnetic_cv,magnetic_cv,false,established,true,,14.28381,14.62721,13.39822,0.05688,0.19019,0.14518,1.2289899999999996,0.23926861160628654,M02549; M02550; M02551,GaiaDR3_AMHer,87.9253159,87.6825409,88.169487,M02553,BailerJones+21_AMHer,Bayesian geometric parallax-distance inference,Bailer-Jones EDR3 posterior median with 16th/84th percentiles,Release preferred geometric posterior,Release-selected distance used; no compatibility absolute magnitude consumed.,9.563240313327471,9.557218430365346,9.56924436758434,0.05688,"Recorded distance endpoints transformed nonlinearly at fixed G; retain the recorded interval convention, including unspecified conventions. Posterior quantiles are not Gaussian errors. Photometric error separate. Color error, where both available, approximates independent BP/RP errors in quadrature; covariance and variability ignored.","Observed Gaia DR3 mean system photometry; unresolved light, not extinction-corrected",Problematic single-source astrometry: RUWE=2.796 (M02548); Bayesian geometric prior; unresolved system photometry and variability
gaia-dr3:1223491257550872192,AP CrB,1223491257550872192,161b57735938,cataclysmic_variable; magnetic_cv,magnetic_cv,false,established,true,,17.15354,17.475819,16.367647,0.00542481,0.0386262,0.02064639,1.1081719999999997,0.043797908014791075,M02125; M02126; M02127,GaiaDR3_APCrB,199.588333,197.485138,201.35173,M02136,BailerJones+21_APCrB,Bayesian geometric parallax distance,p16/p84; offsets -2.103195/+1.763397 pc,Release preferred geometric posterior,Release-selected distance used; no compatibility absolute magnitude consumed.,10.652864245649337,10.633763173063327,10.675867911009231,0.00542481,"Recorded distance endpoints transformed nonlinearly at fixed G; retain the recorded interval convention, including unspecified conventions. Posterior quantiles are not Gaussian errors. Photometric error separate. Color error, where both available, approximates independent BP/RP errors in quadrature; covariance and variability ignored.","Observed Gaia DR3 mean system photometry; unresolved light, not extinction-corrected",Bayesian geometric prior; unresolved system photometry and variability
gaia-dr3:6050296829033196032,AR Sco,6050296829033196032,d529b27a15f8,white_dwarf_pulsar,white_dwarf_pulsar,false,established,true,,14.990165,15.548838,14.165541,0.03139,0.10923,0.06135,1.3832970000000007,0.12527974856296606,M06942; M06943; M06944,GaiaDR3_ARSco,116.517944,116.023529,116.957703,M06951,BailerJones+21_ARSco,Bayesian geometric distance posterior; no parallax inversion,posterior p16/p50/p84: 116.023529 / 116.517944 / 116.957703 pc,Release preferred geometric posterior,Release-selected distance used; no compatibility absolute magnitude consumed.,9.658200936276288,9.650020848315341,9.667434645302372,0.03139,"Recorded distance endpoints transformed nonlinearly at fixed G; retain the recorded interval convention, including unspecified conventions. Posterior quantiles are not Gaussian errors. Photometric error separate. Color error, where both available, approximates independent BP/RP errors in quadrature; covariance and variability ignored.","Observed Gaia DR3 mean system photometry; unresolved light, not extinction-corrected",Bayesian geometric prior; unresolved system photometry and variability
gaia-dr3:783921244796958208,AR UMa,783921244796958208,da49c3af24a7,cataclysmic_variable; magnetic_cv,magnetic_cv,false,established,true,,16.241827,16.39417,15.761198,0.002562,0.00562,0.017273,0.6329719999999988,0.01816427617605502,M01351; M01353; M01355,GaiaDR3_ARUMa,98.6164398,98.1002655,99.1204605,M01358,BailerJones+21;GaiaDR3_ARUMa,Bayesian distance inference from Gaia EDR3 parallax with prior; exact source_id query.,Bailer-Jones geometric-distance posterior median with 16th/84th percentiles.,Release preferred geometric posterior,Release-selected distance used; no compatibility absolute magnitude consumed.,11.272080400989715,11.26101044477496,11.28347608618747,0.002562,"Recorded distance endpoints transformed nonlinearly at fixed G; retain the recorded interval convention, including unspecified conventions. Posterior quantiles are not Gaussian errors. Photometric error separate. Color error, where both available, approximates independent BP/RP errors in quadrature; covariance and variability ignored.","Observed Gaia DR3 mean system photometry; unresolved light, not extinction-corrected",Bayesian geometric prior; unresolved system photometry and variability
gaia-dr3:5946454415417964032,ASKAP J174508.9-505149,5946454415417964032,5236d297c01d,long_period_transient; magnetic_cv; long_period_radio_transient,long_period_transient,true,inferred_or_proposed,false,"Competing parallax-posterior, photogeometric and SED distances; no preferred scalar. M04666–M04671 retain alternatives; uncertain counterpart and low-significance parallax.",19.44998,18.9717,17.89236,0.03915,0.10273,0.07724,,,M04646; M04647; M04648,GaiaDR3_ASKAP174508;Knigge+26; GaiaDR3_ASKAP174508;Rose+26,,,,,,,,No plot distance selected,,,,,0.03915,"Recorded distance endpoints transformed nonlinearly at fixed G; retain the recorded interval convention, including unspecified conventions. Posterior quantiles are not Gaussian errors. Photometric error separate. Color error, where both available, approximates independent BP/RP errors in quadrature; covariance and variability ignored.","Observed Gaia DR3 mean system photometry; unresolved light, not extinction-corrected",Host/subclass candidate or disputed; inspect source evidence
gaia-dr3:1374430388449392000,BM CrB,1374430388449392000,20fb3e3520b8,cataclysmic_variable; magnetic_cv,magnetic_cv,false,established,true,,18.028028,18.071304,17.606688,0.042343,0.137347,0.124777,0.464616000000003,0.1855626528642011,M01827; M01829; M01831,GaiaDR3_BMCrB,423.175507,407.468994,437.083466,M01837,BailerJones+21_BMCrB,Bayesian distance posterior from Gaia EDR3 parallax and prior,Bailer-Jones EDR3 geometric posterior median with 16th/84th percentiles,Release preferred geometric posterior,Release-selected distance used; no compatibility absolute magnitude consumed.,9.895425384006296,9.825206108489468,9.977555164644864,0.042343,"Recorded distance endpoints transformed nonlinearly at fixed G; retain the recorded interval convention, including unspecified conventions. Posterior quantiles are not Gaussian errors. Photometric error separate. Color error, where both available, approximates independent BP/RP errors in quadrature; covariance and variability ignored.","Observed Gaia DR3 mean system photometry; unresolved light, not extinction-corrected",Bayesian geometric prior; unresolved system photometry and variability
gaia-dr3:107522105369340800,BS Tri,107522105369340800,b43ec5826265,cataclysmic_variable; magnetic_cv,magnetic_cv,false,established,true,,17.87115,18.09392,17.34585,0.01818,0.04333,0.04514,0.748070000000002,0.06257082786730571,M00263; M00264; M00265,GaiaDR3+22_BSTri,277.117035,269.724396,285.35598799999997,M00267,BailerJones+21_BSTri,Gaia EDR3 geometric distance posterior,Posterior median and 16th/84th percentile bounds; asymmetric uncertainties retained,Release preferred geometric posterior,Release-selected distance used; no compatibility absolute magnitude consumed.,10.657833881751014,10.594215048235498,10.716548853775286,0.01818,"Recorded distance endpoints transformed nonlinearly at fixed G; retain the recorded interval convention, including unspecified conventions. Posterior quantiles are not Gaussian errors. Photometric error separate. Color error, where both available, approximates independent BP/RP errors in quadrature; covariance and variability ignored.","Observed Gaia DR3 mean system photometry; unresolved light, not extinction-corrected",Bayesian geometric prior; unresolved system photometry and variability
gaia-dr3:558935743846455296,Cas 1,558935743846455296,7e2cc608233a,cataclysmic_variable; magnetic_cv,magnetic_cv,true,established,true,,16.87834,17.040613,16.310654,0.030693,0.091693,0.089737,0.7299590000000009,0.12829783871133604,M00090; M00091; M00092,GaiaDR3+22,1367.02637,1279.76685,1474.375,M00094,BailerJones+21,Geometric distance posterior from Gaia EDR3 parallax,Bailer-Jones posterior median and 16th/84th percentile interval,Release preferred geometric posterior,Release-selected distance used; no compatibility absolute magnitude consumed.,6.199455538956688,6.0353002088516465,6.342685718094115,0.030693,"Recorded distance endpoints transformed nonlinearly at fixed G; retain the recorded interval convention, including unspecified conventions. Posterior quantiles are not Gaussian errors. Photometric error separate. Color error, where both available, approximates independent BP/RP errors in quadrature; covariance and variability ignored.","Observed Gaia DR3 mean system photometry; unresolved light, not extinction-corrected",Host/subclass candidate or disputed; inspect source evidence; Bayesian geometric prior; unresolved system photometry and variability
gaia-dr3:4972697024889419520,CM Phe,4972697024889419520,d0794bc73417,cataclysmic_variable,cataclysmic_variable,false,established,true,,15.31358,15.93679,14.4746,0.01727,0.07833,0.03453,1.4621899999999997,0.08560321138835855,M05609; M05610; M05611,GaiaDR3_CMPhe,308.39825,305.3579,311.16943,M05626,BailerJones+21_CMPhe,Bayesian distance posterior using Gaia EDR3 parallax and prior,Bailer-Jones EDR3 geometric posterior p50/p16/p84,Plot-specific audited geometric posterior,RC3 scalar withheld by selection rules; source-specific audited geometric posterior selected for this plot only. Preferred catalog distance; photogeometric posterior is retained separately.,7.868020475049304,7.848595378373853,7.889534198841227,0.01727,"Recorded distance endpoints transformed nonlinearly at fixed G; retain the recorded interval convention, including unspecified conventions. Posterior quantiles are not Gaussian errors. Photometric error separate. Color error, where both available, approximates independent BP/RP errors in quadrature; covariance and variability ignored.","Observed Gaia DR3 mean system photometry; unresolved light, not extinction-corrected",Bayesian geometric prior; unresolved system photometry and variability
gaia-dr3:5099482805904892288,EF Eri,5099482805904892288,fb4cbed6c2b7,cataclysmic_variable; magnetic_cv,magnetic_cv,false,established,true,,18.16056,18.2121,18.12848,0.00472,0.01489,0.02386,0.0836199999999998,0.028124930222135663,M00347; M00348; M00349,GaiaDR3+22_EFEri,160.257217,156.739136,164.106888,M00353,BailerJones+21_EFEri,Geometric posterior,Bailer-Jones 16th/84th percentiles,Release preferred geometric posterior,Release-selected distance used; no compatibility absolute magnitude consumed.,12.136472017073809,12.084925950383177,12.184672757709905,0.00472,"Recorded distance endpoints transformed nonlinearly at fixed G; retain the recorded interval convention, including unspecified conventions. Posterior quantiles are not Gaussian errors. Photometric error separate. Color error, where both available, approximates independent BP/RP errors in quadrature; covariance and variability ignored.","Observed Gaia DR3 mean system photometry; unresolved light, not extinction-corrected",Bayesian geometric prior; unresolved system photometry and variability
gaia-dr3:5041907811522399488,EQ Cet,5041907811522399488,0284f7628fd1,cataclysmic_variable; magnetic_cv,magnetic_cv,false,established,true,,17.56686,17.6935,16.97476,0.02839,0.11075,0.07773,0.7187400000000004,0.13530526745104937,M00016; M00017; M00018,GaiaDR3+22,283.324646,277.788544,288.236176,M00021,BailerJones+21,Bailer-Jones Gaia EDR3 geometric distance posterior (rgeo),16th/84th posterior percentiles; asymmetric about the median,Release preferred geometric posterior,Release-selected distance used; no compatibility absolute magnitude consumed.,10.305438225946327,10.268117562939706,10.348288342671163,0.02839,"Recorded distance endpoints transformed nonlinearly at fixed G; retain the recorded interval convention, including unspecified conventions. Posterior quantiles are not Gaussian errors. Photometric error separate. Color error, where both available, approximates independent BP/RP errors in quadrature; covariance and variability ignored.","Observed Gaia DR3 mean system photometry; unresolved light, not extinction-corrected",Bayesian geometric prior; unresolved system photometry and variability
gaia-dr3:4019704731785215360,EU UMa,4019704731785215360,e075bc4ecf3c,cataclysmic_variable; magnetic_cv,magnetic_cv,false,established,true,,18.88282,18.973312,18.68269,0.01767,0.07903,0.06328,0.29062199999999905,0.10124277406313993,M01485; M01486; M01487,GaiaDR3+22_EUUMa,286.937592,272.026123,302.73172,M01489,BailerJones+21_EUUMa,Bailer-Jones EDR3 geometric distance posterior.,posterior median with asymmetric errors from p16/p84 quantiles,Release preferred geometric posterior,Release-selected distance used; no compatibility absolute magnitude consumed.,11.593882753216263,11.47753035806433,11.70976694067473,0.01767,"Recorded distance endpoints transformed nonlinearly at fixed G; retain the recorded interval convention, including unspecified conventions. Posterior quantiles are not Gaussian errors. Photometric error separate. Color error, where both available, approximates independent BP/RP errors in quadrature; covariance and variability ignored.","Observed Gaia DR3 mean system photometry; unresolved light, not extinction-corrected",Bayesian geometric prior; unresolved system photometry and variability
gaia-dr3:2507796391561705728,FL Cet,2507796391561705728,9871b52c0660,cataclysmic_variable; magnetic_cv,magnetic_cv,false,established,true,,18.648739,18.840696,17.846853,0.068597,0.187285,0.210716,0.9938430000000018,0.2819164838759876,M00164; M00165; M00166,GaiaDR3+22_FLCet,317.594147,305.387543,330.809906,M00170,BailerJones+21_FLCet,Gaia EDR3 geometric parallax posterior,Bailer-Jones posterior median; error bounds are distances to the 16th/84th percentiles,Release preferred geometric posterior,Release-selected distance used; no compatibility absolute magnitude consumed.,11.139376549313894,11.050846470556277,11.224482410672689,0.068597,"Recorded distance endpoints transformed nonlinearly at fixed G; retain the recorded interval convention, including unspecified conventions. Posterior quantiles are not Gaussian errors. Photometric error separate. Color error, where both available, approximates independent BP/RP errors in quadrature; covariance and variability ignored.","Observed Gaia DR3 mean system photometry; unresolved light, not extinction-corrected",Bayesian geometric prior; unresolved system photometry and variability
gaia-dr3:719893044876142848,FR Lyn,719893044876142848,058865c0221a,cataclysmic_variable; magnetic_cv,magnetic_cv,false,established,true,,19.20104,19.15066,18.984726,0.031629,0.09591,0.108755,0.16593400000000003,0.14500475207730262,M05399; M05400; M05401,VizieR_GaiaDR3_FRLyn,478.454071,436.084137,526.308899,M05411,BailerJones+21_FRLyn,Geometric posterior from Gaia EDR3 parallax and prior,"Bailer-Jones EDR3 posterior median and 16th/84th percentiles; asymmetric, not Gaussian",Release preferred geometric posterior,Release-selected distance used; no compatibility absolute magnitude consumed.,10.801838729024158,10.594836433649876,11.0031885546937,0.031629,"Recorded distance endpoints transformed nonlinearly at fixed G; retain the recorded interval convention, including unspecified conventions. Posterior quantiles are not Gaussian errors. Photometric error separate. Color error, where both available, approximates independent BP/RP errors in quadrature; covariance and variability ignored.","Observed Gaia DR3 mean system photometry; unresolved light, not extinction-corrected",Bayesian geometric prior; unresolved system photometry and variability
gaia-dr3:5566254014771398912,GLEAM-X J0704-37,5566254014771398912,da96639c5a57,long_period_transient; long_period_radio_transient,long_period_transient,true,inferred_or_proposed,true,,20.784512,21.268938,19.417715,0.010135,0.211124,0.118519,1.8512229999999974,0.24211587460759362,M04413; M04414; M04415,GaiaDR3_GLEAMXJ0704,3010.02051,1565.90601,6045.20801,M04422,BailerJones+21_GLEAMXJ0704,Bailer-Jones et al. (2021) geometric posterior from Gaia EDR3,Bailer-Jones EDR3 geometric posterior p16/p50/p84; asymmetric credible interval,Release preferred geometric posterior,Release-selected distance used; no compatibility absolute magnitude consumed.,8.391664725769196,6.8774557543791985,9.81068354524534,0.010135,"Recorded distance endpoints transformed nonlinearly at fixed G; retain the recorded interval convention, including unspecified conventions. Posterior quantiles are not Gaussian errors. Photometric error separate. Color error, where both available, approximates independent BP/RP errors in quadrature; covariance and variability ignored.","Observed Gaia DR3 mean system photometry; unresolved light, not extinction-corrected",Host/subclass candidate or disputed; inspect source evidence; Bayesian geometric prior; unresolved system photometry and variability; Broad distance posterior; prior sensitivity matters
gaia-dr3:1325655193647771008,Her 1,1325655193647771008,59b1f4430a17,cataclysmic_variable,cataclysmic_variable,true,established,true,,19.192644,19.060295,18.919102,0.038618,0.118294,0.10843,0.14119300000000123,0.1604697333954288,M02223; M02224; M02225,GaiaDR3_Her1,2429.72925,1765.80945,3750.27368,M02227,BailerJones+21_Her1,Bailer-Jones Gaia EDR3 geometric distance posterior,Bailer-Jones posterior p16/p84 quantiles,Release preferred geometric posterior,Release-selected distance used; no compatibility absolute magnitude consumed.,7.2648545904078645,6.322329190192313,7.957924816585109,0.038618,"Recorded distance endpoints transformed nonlinearly at fixed G; retain the recorded interval convention, including unspecified conventions. Posterior quantiles are not Gaussian errors. Photometric error separate. Color error, where both available, approximates independent BP/RP errors in quadrature; covariance and variability ignored.","Observed Gaia DR3 mean system photometry; unresolved light, not extinction-corrected",Host/subclass candidate or disputed; inspect source evidence; Bayesian geometric prior; unresolved system photometry and variability; Broad distance posterior; prior sensitivity matters
gaia-dr3:594162958230409088,HS0922+1333,594162958230409088,4372404e3fee,cataclysmic_variable; magnetic_cv,magnetic_cv,true,established,true,,16.46214,17.752113,15.29679,0.003864,0.037853,0.00811,2.4553230000000017,0.03871203571242411,M01034; M01035; M01036,GaiaDR3_HS0922,163.9254,161.623642,166.156677,M01038,BailerJones+21_HS0922,Geometric distance posterior from Gaia EDR3 parallax,Bailer-Jones geometric posterior p16/p84 interval; asymmetric credible interval,Release preferred geometric posterior,Release-selected distance used; no compatibility absolute magnitude consumed.,10.388908739616348,10.359551009633513,10.419615555704976,0.003864,"Recorded distance endpoints transformed nonlinearly at fixed G; retain the recorded interval convention, including unspecified conventions. Posterior quantiles are not Gaussian errors. Photometric error separate. Color error, where both available, approximates independent BP/RP errors in quadrature; covariance and variability ignored.","Observed Gaia DR3 mean system photometry; unresolved light, not extinction-corrected",Host/subclass candidate or disputed; inspect source evidence; Bayesian geometric prior; unresolved system photometry and variability
gaia-dr3:6911950900211768704,HU Aqr,6911950900211768704,f7896b21eed6,cataclysmic_variable; magnetic_cv,magnetic_cv,false,established,true,,16.43416,16.65983,15.87209,0.02784,0.09352,0.0631,0.7877399999999994,0.1128166672083518,M05502; M05503; M05504,GaiaDR3_HUAqr,189.601898,188.115906,191.112885,M05507,BailerJones+21_HUAqr,EDR3 geometric distance posterior,Bailer-Jones geometric posterior p16=188.115906 pc and p84=191.112885 pc; asymmetric percentile offsets,Release preferred geometric posterior,Release-selected distance used; no compatibility absolute magnitude consumed.,10.044946597468641,10.027710157196013,10.062032407256737,0.02784,"Recorded distance endpoints transformed nonlinearly at fixed G; retain the recorded interval convention, including unspecified conventions. Posterior quantiles are not Gaussian errors. Photometric error separate. Color error, where both available, approximates independent BP/RP errors in quadrature; covariance and variability ignored.","Observed Gaia DR3 mean system photometry; unresolved light, not extinction-corrected",Bayesian geometric prior; unresolved system photometry and variability
gaia-dr3:583340808875713280,Hya 1,583340808875713280,ef9294b65c65,cataclysmic_variable; magnetic_cv,magnetic_cv,false,established,true,,18.065144,18.394114,17.405783,0.01356,0.04255,0.03465,0.9883309999999987,0.05487371866385583,M00934; M00935; M00936,GaiaDR3_RXJ0859,440.867584,420.73733500000003,462.422791,M00938,BailerJones+21_RXJ0859,Gaia EDR3 geometric distance posterior,Bailer-Jones posterior median with 16th/84th percentiles,Release preferred geometric posterior,Release-selected distance used; no compatibility absolute magnitude consumed.,9.843603163471899,9.739947846968604,9.9450887412574,0.01356,"Recorded distance endpoints transformed nonlinearly at fixed G; retain the recorded interval convention, including unspecified conventions. Posterior quantiles are not Gaussian errors. Photometric error separate. Color error, where both available, approximates independent BP/RP errors in quadrature; covariance and variability ignored.","Observed Gaia DR3 mean system photometry; unresolved light, not extinction-corrected",Bayesian geometric prior; unresolved system photometry and variability
gaia-dr3:855784912471554176,ILT J1101+5521,855784912471554176,7a018809145c,long_period_transient; long_period_radio_transient,long_period_transient,true,inferred_or_proposed,true,,20.00551,21.19533,18.73405,0.00406,0.14652,0.02325,2.4612799999999986,0.14835320320100945,M04284; M04286; M04288,GaiaDR3_ILTJ1101,503.860168,394.788361,651.67334,M04294,BailerJones+21_ILTJ1101,Bayesian parallax posterior; no parallax inversion,"Bailer-Jones EDR3 geometric posterior p50 [p16,p84]; asymmetric offsets listed",Release preferred geometric posterior,Release-selected distance used; no compatibility absolute magnitude consumed.,11.49395986431912,10.935360228286685,12.02368829759034,0.00406,"Recorded distance endpoints transformed nonlinearly at fixed G; retain the recorded interval convention, including unspecified conventions. Posterior quantiles are not Gaussian errors. Photometric error separate. Color error, where both available, approximates independent BP/RP errors in quadrature; covariance and variability ignored.","Observed Gaia DR3 mean system photometry; unresolved light, not extinction-corrected",Host/subclass candidate or disputed; inspect source evidence; Bayesian geometric prior; unresolved system photometry and variability; Broad distance posterior; prior sensitivity matters
gaia-dr3:5091939988633728640,IM Eri,5091939988633728640,0e6ca63a14d2,cataclysmic_variable,cataclysmic_variable,false,established,true,,11.75165,11.771849,11.607445,0.004213,0.009984,0.009137,0.16440399999999933,0.01353384738350481,M03537; M03538; M03539,GaiaDR3_IMEri,185.472458,184.563034,186.447891,M03542,BailerJones+21_IMEri,Bayesian geometric distance posterior from Gaia EDR3 parallax,Bailer-Jones p16/p84=184.563034/186.447891 pc,Release preferred geometric posterior,Release-selected distance used; no compatibility absolute magnitude consumed.,5.410252862230786,5.398862623922662,5.4209263956796185,0.004213,"Recorded distance endpoints transformed nonlinearly at fixed G; retain the recorded interval convention, including unspecified conventions. Posterior quantiles are not Gaussian errors. Photometric error separate. Color error, where both available, approximates independent BP/RP errors in quadrature; covariance and variability ignored.","Observed Gaia DR3 mean system photometry; unresolved light, not extinction-corrected",Bayesian geometric prior; unresolved system photometry and variability
gaia-dr3:5515820034889610112,IX Vel,5515820034889610112,035044da46f5,cataclysmic_variable,cataclysmic_variable,false,established,true,,9.304382,9.330608,9.25889,0.00413792,0.01659948,0.01583868,0.07171800000000061,0.02294355073681491,M03655; M03656; M03657,GaiaDR3_IXVel,90.3118515,90.16800690000001,90.4550552,M03659,BailerJones+21_IXVel,Bayesian geometric posterior,Bailer-Jones EDR3 geometric posterior median and p16/p84; not inverse parallax.,Plot-specific audited geometric posterior,RC3 scalar withheld by selection rules; source-specific audited geometric posterior selected for this plot only. Preferred supplemental distance.,4.525658270397148,4.522217785031556,4.529119649955685,0.00413792,"Recorded distance endpoints transformed nonlinearly at fixed G; retain the recorded interval convention, including unspecified conventions. Posterior quantiles are not Gaussian errors. Photometric error separate. Color error, where both available, approximates independent BP/RP errors in quadrature; covariance and variability ignored.","Observed Gaia DR3 mean system photometry; unresolved light, not extinction-corrected",Bayesian geometric prior; unresolved system photometry and variability
gaia-dr3:6231616192056505984,J1503-2207,6231616192056505984,f15cab4d779c,cataclysmic_variable; magnetic_cv,magnetic_cv,true,established,true,,18.066574,18.273708,17.212383,0.061034,0.178392,0.155312,1.061325,0.23652805966311904,M01718; M01719; M01720,GaiaDR3+22_J1503,387.166687,369.00476100000003,404.89950600000003,M01722,BailerJones+21_J1503,Gaia EDR3 geometric posterior; no parallax inversion,Bailer-Jones posterior median; errors are median−p16 and p84−median; not Gaussian σ,Release preferred geometric posterior,Release-selected distance used; no compatibility absolute magnitude consumed.,10.127084088875012,10.029837765473875,10.231414152095084,0.061034,"Recorded distance endpoints transformed nonlinearly at fixed G; retain the recorded interval convention, including unspecified conventions. Posterior quantiles are not Gaussian errors. Photometric error separate. Color error, where both available, approximates independent BP/RP errors in quadrature; covariance and variability ignored.","Observed Gaia DR3 mean system photometry; unresolved light, not extinction-corrected",Host/subclass candidate or disputed; inspect source evidence; Bayesian geometric prior; unresolved system photometry and variability
gaia-dr3:6712706405280342784,J191213.72-441045.1,6712706405280342784,747167098fd5,white_dwarf_pulsar,white_dwarf_pulsar,false,established,true,,17.093914,17.499367,16.27838,0.02819,0.10306,0.05039,1.220987000000001,0.11471929087995619,M07088; M07089; M07090,GaiaDR3_J1912,236.729919,231.984863,241.091064,M07093,BailerJones+21_J1912,"Gaia EDR3 parallax distance posterior, geometric prior",Bailer-Jones posterior p16/p50/p84; asymmetric offsets around median,Plot-specific audited geometric posterior,RC3 scalar withheld by selection rules; source-specific audited geometric posterior selected for this plot only. Use the geometric posterior median for the compatibility distance field.,10.222648252486593,10.18300843188318,10.26661575938261,0.02819,"Recorded distance endpoints transformed nonlinearly at fixed G; retain the recorded interval convention, including unspecified conventions. Posterior quantiles are not Gaussian errors. Photometric error separate. Color error, where both available, approximates independent BP/RP errors in quadrature; covariance and variability ignored.","Observed Gaia DR3 mean system photometry; unresolved light, not extinction-corrected",Bayesian geometric prior; unresolved system photometry and variability
gaia-dr3:4240284979281473920,J1955+0045,4240284979281473920,cfd90cdc0311,cataclysmic_variable; magnetic_cv,magnetic_cv,false,established,true,,15.899,16.2498,15.11749,0.04461,0.08705,0.15533,1.1323100000000004,0.17805929181034053,M02752; M02753; M02754,GaiaDR3_J1955,165.530899,164.02328500000002,167.443802,M02758,BailerJones+21_J1955,Gaia EDR3 geometric distance posterior,Bailer-Jones posterior median with p16/p84 asymmetric offsets,Release preferred geometric posterior,Release-selected distance used; no compatibility absolute magnitude consumed.,9.8046046314154,9.779654617061793,9.82447247228649,0.04461,"Recorded distance endpoints transformed nonlinearly at fixed G; retain the recorded interval convention, including unspecified conventions. Posterior quantiles are not Gaussian errors. Photometric error separate. Color error, where both available, approximates independent BP/RP errors in quadrature; covariance and variability ignored.","Observed Gaia DR3 mean system photometry; unresolved light, not extinction-corrected",Bayesian geometric prior; unresolved system photometry and variability
gaia-dr3:4339398736975240192,LS IV -08 3,4339398736975240192,2739f39a61c8,cataclysmic_variable,cataclysmic_variable,false,established,true,,11.339061,11.430925,11.056699,0.003252,0.0082,0.008155,0.37422600000000017,0.011564775181558871,M06375; M06376; M06377,GaiaDR3_LSIV083,210.733246,208.640854,212.814865,M06371,BailerJones+21_LSIV083,Bailer-Jones EDR3 geometric posterior median,p50 with p16/p84 posterior bounds,Release preferred geometric posterior,Release-selected distance used; no compatibility absolute magnitude consumed.,4.720395715994918,4.69905120044694,4.742064241542813,0.003252,"Recorded distance endpoints transformed nonlinearly at fixed G; retain the recorded interval convention, including unspecified conventions. Posterior quantiles are not Gaussian errors. Photometric error separate. Color error, where both available, approximates independent BP/RP errors in quadrature; covariance and variability ignored.","Observed Gaia DR3 mean system photometry; unresolved light, not extinction-corrected",Bayesian geometric prior; unresolved system photometry and variability
gaia-dr3:1099223590090176896,LW Cam,1099223590090176896,aa7433499f0e,cataclysmic_variable; magnetic_cv,magnetic_cv,false,established,true,,17.72105,17.54823,16.90679,0.07037,0.19531,0.15645,0.6414399999999993,0.25024507707445515,M00708; M00709; M00710,GaiaDR3+22_LWCam,548.551392,530.029602,567.381592,M00714,BailerJones+21_LWCam,Geometric parallax-distance posterior,Bailer-Jones EDR3 posterior median and 16th/84th percentiles; asymmetric interval,Release preferred geometric posterior,Release-selected distance used; no compatibility absolute magnitude consumed.,9.024963392711879,8.951673792317571,9.099549372503178,0.07037,"Recorded distance endpoints transformed nonlinearly at fixed G; retain the recorded interval convention, including unspecified conventions. Posterior quantiles are not Gaussian errors. Photometric error separate. Color error, where both available, approximates independent BP/RP errors in quadrature; covariance and variability ignored.","Observed Gaia DR3 mean system photometry; unresolved light, not extinction-corrected",Bayesian geometric prior; unresolved system photometry and variability
gaia-dr3:1597621426298361216,MQ Dra,1597621426298361216,e462baf7c6bd,cataclysmic_variable; magnetic_cv,magnetic_cv,true,established,true,,17.343143,18.064138,16.422417,0.004328,0.028454,0.010915,1.6417210000000004,0.030475684422175,M02019; M02020; M02021,GaiaDR3_MQDra,180.699646,178.958496,182.786026,M02023,BailerJones+21_MQDra,Bailer-Jones EDR3 geometric posterior,Posterior median and 16th/84th percentile offsets,Release preferred geometric posterior,Release-selected distance used; no compatibility absolute magnitude consumed.,11.058356491218508,11.033428045830014,11.079381393932568,0.004328,"Recorded distance endpoints transformed nonlinearly at fixed G; retain the recorded interval convention, including unspecified conventions. Posterior quantiles are not Gaussian errors. Photometric error separate. Color error, where both available, approximates independent BP/RP errors in quadrature; covariance and variability ignored.","Observed Gaia DR3 mean system photometry; unresolved light, not extinction-corrected",Host/subclass candidate or disputed; inspect source evidence; Bayesian geometric prior; unresolved system photometry and variability
gaia-dr3:1203639265875666304,MR Ser,1203639265875666304,f29f0b39b400,cataclysmic_variable; magnetic_cv,magnetic_cv,false,established,true,,16.05132,16.32352,15.51714,0.03067,0.08313,0.08698,0.806379999999999,0.12031673740589877,M01928; M01929; M01930,GaiaDR3_MRSer,131.206726,130.554153,131.741592,M01933,BailerJones+21_MRSer;Ridder+23,Geometric parallax posterior; no direct parallax inversion,Bailer-Jones EDR3 geometric posterior: median; 16th/84th percentiles,Release preferred geometric posterior,Release-selected distance used; no compatibility absolute magnitude consumed.,10.461539506592446,10.452705463671036,10.472366542365052,0.03067,"Recorded distance endpoints transformed nonlinearly at fixed G; retain the recorded interval convention, including unspecified conventions. Posterior quantiles are not Gaussian errors. Photometric error separate. Color error, where both available, approximates independent BP/RP errors in quadrature; covariance and variability ignored.","Observed Gaia DR3 mean system photometry; unresolved light, not extinction-corrected",Bayesian geometric prior; unresolved system photometry and variability
gaia-dr3:1833014187092198912,QQ Vul,1833014187092198912,e29b40954013,cataclysmic_variable; magnetic_cv,magnetic_cv,false,established,true,,15.30551,15.457766,14.721989,0.02404,0.07783,0.0563,0.7357769999999988,0.09605830989560456,M02835; M02836; M02837,GaiaDR3_QQVul,297.504242,295.522522,300.635803,M02840,BailerJones+21_QQVul,Geometric distance posterior from Gaia EDR3 parallax,Bailer-Jones EDR3 geometric posterior median and 16th/84th percentiles,Release preferred geometric posterior,Release-selected distance used; no compatibility absolute magnitude consumed.,7.938044187256013,7.915306500658,7.952557078015213,0.02404,"Recorded distance endpoints transformed nonlinearly at fixed G; retain the recorded interval convention, including unspecified conventions. Posterior quantiles are not Gaussian errors. Photometric error separate. Color error, where both available, approximates independent BP/RP errors in quadrature; covariance and variability ignored.","Observed Gaia DR3 mean system photometry; unresolved light, not extinction-corrected",Bayesian geometric prior; unresolved system photometry and variability
gaia-dr3:3612227169936143360,QS Vir,3612227169936143360,0abdfe1082f8,cataclysmic_variable,cataclysmic_variable,true,established,true,,13.607791,14.510207,12.551669,0.007892889,0.010057725,0.017806721,1.958537999999999,0.020450847047187703,M06226; M06227; M06228,GaiaDR3+22_QSVir,50.1018677,50.0369797,50.176815,M06237,BailerJones+21_QSVir;Ridder+23,Geometric distance posterior; not inverse parallax,"Bailer-Jones EDR3 geometric posterior median, 16th and 84th percentiles",Release preferred geometric posterior,Release-selected distance used; no compatibility absolute magnitude consumed.,10.108521420894812,10.105275546097923,10.111335563958923,0.007892889,"Recorded distance endpoints transformed nonlinearly at fixed G; retain the recorded interval convention, including unspecified conventions. Posterior quantiles are not Gaussian errors. Photometric error separate. Color error, where both available, approximates independent BP/RP errors in quadrature; covariance and variability ignored.","Observed Gaia DR3 mean system photometry; unresolved light, not extinction-corrected",Host/subclass candidate or disputed; inspect source evidence; Bayesian geometric prior; unresolved system photometry and variability
gaia-dr3:3769067109159364608,RW Sex,3769067109159364608,c86ae3a6a2df,cataclysmic_variable,cataclysmic_variable,false,established,true,,10.618815,10.638954,10.55558,0.00490707,0.01384954,0.01434449,0.08337399999999917,0.019939261560341197,M03921; M03924; M03927,GaiaDR3_RWSex,221.634964,,,M03932,BailerJones+21_RWSex,Bailer-Jones Gaia EDR3 geometric distance posterior median,Uncertainty convention not specified in source,Release preferred geometric posterior,Release-selected distance used; no compatibility absolute magnitude consumed.,3.8906236322975953,,,0.00490707,"Recorded distance endpoints transformed nonlinearly at fixed G; retain the recorded interval convention, including unspecified conventions. Posterior quantiles are not Gaussian errors. Photometric error separate. Color error, where both available, approximates independent BP/RP errors in quadrature; covariance and variability ignored.","Observed Gaia DR3 mean system photometry; unresolved light, not extinction-corrected",Bayesian geometric prior; unresolved system photometry and variability
gaia-dr3:374510294830244992,RX And,374510294830244992,b3ac00e7389d,cataclysmic_variable,cataclysmic_variable,false,established,true,,13.031449,13.066502,12.291552,0.059178,0.250955,0.167447,0.7749500000000005,0.3016900890549771,M03302; M03303; M03304,GaiaDR3_RXAnd,196.595306,195.703308,197.531326,M03307,BailerJones+21_RXAnd,Geometric distance posterior from Gaia EDR3 parallax and prior,"Bailer-Jones posterior median with 16th and 84th percentiles; asymmetric interval, not Gaussian sigma",Release preferred geometric posterior,Release-selected distance used; no compatibility absolute magnitude consumed.,6.563583278975036,6.553269104488502,6.573458166702224,0.059178,"Recorded distance endpoints transformed nonlinearly at fixed G; retain the recorded interval convention, including unspecified conventions. Posterior quantiles are not Gaussian errors. Photometric error separate. Color error, where both available, approximates independent BP/RP errors in quadrature; covariance and variability ignored.","Observed Gaia DR3 mean system photometry; unresolved light, not extinction-corrected",Problematic single-source astrometry: RUWE=2.81942 (M03295); Bayesian geometric prior; unresolved system photometry and variability
gaia-dr3:3393408546234335488,RXJ0502.8+1624 (Tau 4),3393408546234335488,02b410a21e8c,cataclysmic_variable; magnetic_cv,magnetic_cv,false,established,true,,18.84737,19.10197,18.37998,0.00495,0.04512,0.03954,0.7219900000000017,0.059993549653275226,M00597; M00598; M00599,GaiaDR3+22_Tau4,217.08194,206.802017,230.27607700000002,M00602,BailerJones+21_Tau4,Gaia EDR3 geometric distance posterior,Bailer-Jones 16th/50th/84th percentile posterior,Release preferred geometric posterior,Release-selected distance used; no compatibility absolute magnitude consumed.,12.164251529540334,12.036125889131354,12.269596148787523,0.00495,"Recorded distance endpoints transformed nonlinearly at fixed G; retain the recorded interval convention, including unspecified conventions. Posterior quantiles are not Gaussian errors. Photometric error separate. Color error, where both available, approximates independent BP/RP errors in quadrature; covariance and variability ignored.","Observed Gaia DR3 mean system photometry; unresolved light, not extinction-corrected",Bayesian geometric prior; unresolved system photometry and variability
gaia-dr3:1972957892448494592,SS Cyg,1972957892448494592,e1b274488f9d,cataclysmic_variable,cataclysmic_variable,false,established,true,,11.671213,12.124909,10.94818,0.013777652,0.066085748,0.040370354,1.176729,0.07744089081877106,M06791; M06792; M06793,GaiaDR3_SSCyg,112.349998,112.00135,112.740143,M06804,BailerJones+21_SSCyg,Bailer-Jones et al. Gaia EDR3 geometric distance posterior,Uncertainty convention not specified in source,Release preferred geometric posterior,Release-selected distance used; no compatibility absolute magnitude consumed.,6.418347654879758,6.410820093274049,6.425096712809044,0.013777652,"Recorded distance endpoints transformed nonlinearly at fixed G; retain the recorded interval convention, including unspecified conventions. Posterior quantiles are not Gaussian errors. Photometric error separate. Color error, where both available, approximates independent BP/RP errors in quadrature; covariance and variability ignored.","Observed Gaia DR3 mean system photometry; unresolved light, not extinction-corrected",Bayesian geometric prior; unresolved system photometry and variability
gaia-dr3:3996419759863758592,ST LMi,3996419759863758592,640aea6968e4,cataclysmic_variable; magnetic_cv,magnetic_cv,false,established,true,,16.1847,16.533352,15.579006,0.04829,0.1128,0.17621,0.954346000000001,0.20922190157820478,M01240; M01241; M01242,GaiaDR3_STLMi,114.230247,113.332901,115.13471200000001,M01244,BailerJones+21;GaiaDR3_STLMi,Bailer-Jones geometric distance posterior for exact Gaia source ID,"Bailer-Jones EDR3 geometric posterior median; bounds are median-to-p16 and p84-to-median, not Gaussian sigma",Release preferred geometric posterior,Release-selected distance used; no compatibility absolute magnitude consumed.,10.895794420648421,10.878668605252017,10.91291997193141,0.04829,"Recorded distance endpoints transformed nonlinearly at fixed G; retain the recorded interval convention, including unspecified conventions. Posterior quantiles are not Gaussian errors. Photometric error separate. Color error, where both available, approximates independent BP/RP errors in quadrature; covariance and variability ignored.","Observed Gaia DR3 mean system photometry; unresolved light, not extinction-corrected",Problematic single-source astrometry: RUWE=1.4175683 (M01232); Bayesian geometric prior; unresolved system photometry and variability
gaia-dr3:1091051096255456384,SU UMa,1091051096255456384,d300138f475a,cataclysmic_variable,cataclysmic_variable,false,established,true,,14.685145,14.87375,14.317947,0.0157326,0.045791,0.050055,0.5558029999999992,0.0678403914051209,M06098; M06099; M06100,GaiaDR3_SUUMa,220.137985,219.055573,221.212357,M06102,BailerJones+21_SUUMa,Bayesian geometric posterior from Gaia EDR3 parallax,p16/p50/p84; not parallax inversion,Release preferred geometric posterior,Release-selected distance used; no compatibility absolute magnitude consumed.,7.971670065457808,7.961098084236772,7.982373467225658,0.0157326,"Recorded distance endpoints transformed nonlinearly at fixed G; retain the recorded interval convention, including unspecified conventions. Posterior quantiles are not Gaussian errors. Photometric error separate. Color error, where both available, approximates independent BP/RP errors in quadrature; covariance and variability ignored.","Observed Gaia DR3 mean system photometry; unresolved light, not extinction-corrected",Problematic single-source astrometry: RUWE=1.4937238 (M06090); Bayesian geometric prior; unresolved system photometry and variability
gaia-dr3:78395045917118976,TT Ari,78395045917118976,931b78a5fa24,cataclysmic_variable,cataclysmic_variable,false,established,true,,10.913024,10.884935,10.856495,0.008902,0.02718,0.02203,0.0284399999999998,0.03498675892391292,M03401; M03402; M03403,GaiaDR3_TTAri,247.021927,,,M03405,BailerJones+21_TTAri,Bailer-Jones EDR3 geometric posterior,Uncertainty convention not specified in source,Release preferred geometric posterior,Release-selected distance used; no compatibility absolute magnitude consumed.,3.9493464735307064,,,0.008902,"Recorded distance endpoints transformed nonlinearly at fixed G; retain the recorded interval convention, including unspecified conventions. Posterior quantiles are not Gaussian errors. Photometric error separate. Color error, where both available, approximates independent BP/RP errors in quadrature; covariance and variability ignored.","Observed Gaia DR3 mean system photometry; unresolved light, not extinction-corrected",Bayesian geometric prior; unresolved system photometry and variability
gaia-dr3:674214551557961984,U Gem,674214551557961984,5d0985189197,cataclysmic_variable,cataclysmic_variable,false,established,true,,13.90345,14.39106,13.11056,0.010704,0.042278,0.024862,1.2805,0.04904638955111783,M05837; M05838; M05839,GaiaDR3_UGem,93.0573273,92.7198029,93.3672104,M05841,BailerJones+21_UGem;GaiaDR3_UGem,"Bailer-Jones et al. Gaia EDR3 geometric distance posterior, exact source-ID table lookup","posterior median; lower/upper are 16th/84th percentiles, not a symmetric Gaussian 1-sigma interval",Release preferred geometric posterior,Release-selected distance used; no compatibility absolute magnitude consumed.,9.059697124988958,9.052478083655835,9.067587501245455,0.010704,"Recorded distance endpoints transformed nonlinearly at fixed G; retain the recorded interval convention, including unspecified conventions. Posterior quantiles are not Gaussian errors. Photometric error separate. Color error, where both available, approximates independent BP/RP errors in quadrature; covariance and variability ignored.","Observed Gaia DR3 mean system photometry; unresolved light, not extinction-corrected",Bayesian geometric prior; unresolved system photometry and variability
gaia-dr3:5084805635638179584,UZ For,5084805635638179584,62995cb41d30,cataclysmic_variable; magnetic_cv,magnetic_cv,false,established,true,,16.63771,16.79984,16.13957,0.01725,0.05632,0.05121,0.6602700000000006,0.07612099907384295,M00467; M00468; M00469,GaiaDR3+22_UZFor,238.103577,235.061096,240.750778,M00474,BailerJones+21_UZFor,Bailer-Jones Gaia EDR3 geometric distance posterior,Bailer-Jones geometric posterior median and 16th/84th percentiles; asymmetric interval,Release preferred geometric posterior,Release-selected distance used; no compatibility absolute magnitude consumed.,9.753880400974488,9.729871503767688,9.781806216149517,0.01725,"Recorded distance endpoints transformed nonlinearly at fixed G; retain the recorded interval convention, including unspecified conventions. Posterior quantiles are not Gaussian errors. Photometric error separate. Color error, where both available, approximates independent BP/RP errors in quadrature; covariance and variability ignored.","Observed Gaia DR3 mean system photometry; unresolved light, not extinction-corrected",Bayesian geometric prior; unresolved system photometry and variability
gaia-dr3:1347851790791563136,V1007 Her,1347851790791563136,8810f7a8aff9,cataclysmic_variable; magnetic_cv,magnetic_cv,false,established,true,,19.038626,19.483822,18.325766,0.021173,0.092355,0.048921,1.1580559999999984,0.10451177094471226,M02299; M02300; M02301,GaiaDR3+22_V1007Her,469.182007,437.847748,504.807922,M02303,BailerJones+21_V1007Her,Bayesian distance inference using Gaia EDR3 parallax and prior,Bailer-Jones EDR3 geometric posterior median with 16th and 84th percentiles,Release preferred geometric posterior,Release-selected distance used; no compatibility absolute magnitude consumed.,10.681919256551174,10.522995191423716,10.832010398374516,0.021173,"Recorded distance endpoints transformed nonlinearly at fixed G; retain the recorded interval convention, including unspecified conventions. Posterior quantiles are not Gaussian errors. Photometric error separate. Color error, where both available, approximates independent BP/RP errors in quadrature; covariance and variability ignored.","Observed Gaia DR3 mean system photometry; unresolved light, not extinction-corrected",Bayesian geometric prior; unresolved system photometry and variability
gaia-dr3:6179636986011888512,V1043 Cen,6179636986011888512,ea8e764d4438,cataclysmic_variable; magnetic_cv,magnetic_cv,false,established,true,,14.9672,15.624668,14.121367,0.014403,0.063153,0.02713,1.5033010000000004,0.0687338221620186,M01599; M01600; M01601,GaiaDR3+22_V1043Cen,172.8741,171.971436,173.765228,M01608,BailerJones+21_V1043Cen,Gaia EDR3 geometric distance posterior.,Bailer-Jones posterior median and p16/p84 bounds; not Gaussian 1-sigma errors.,Release preferred geometric posterior,Release-selected distance used; no compatibility absolute magnitude consumed.,8.778550339288106,8.76738562731295,8.789918411327324,0.014403,"Recorded distance endpoints transformed nonlinearly at fixed G; retain the recorded interval convention, including unspecified conventions. Posterior quantiles are not Gaussian errors. Photometric error separate. Color error, where both available, approximates independent BP/RP errors in quadrature; covariance and variability ignored.","Observed Gaia DR3 mean system photometry; unresolved light, not extinction-corrected",Bayesian geometric prior; unresolved system photometry and variability
gaia-dr3:1326482511724121344,V1084 Her,1326482511724121344,c4971034ba1b,cataclysmic_variable,cataclysmic_variable,true,established,true,,12.390843,12.36809,12.421679,0.004384419,0.014048898,0.013856398,-0.053588999999998777,0.019732493520809986,M04034; M04035; M04036,GaiaDR3_V1084Her,465.464233,461.112823,469.947906,M04045,BailerJones+21_V1084Her,Gaia EDR3 Bailer-Jones geometric distance posterior,Posterior median and 16th/84th percentiles; errors are median-minus-p16 and p84-minus-median.,Plot-specific audited geometric posterior,RC3 scalar withheld by selection rules; source-specific audited geometric posterior selected for this plot only. Preferred geometric-distance posterior for derived catalog quantities.,4.051411426340419,4.0305944059665535,4.071807001994399,0.004384419,"Recorded distance endpoints transformed nonlinearly at fixed G; retain the recorded interval convention, including unspecified conventions. Posterior quantiles are not Gaussian errors. Photometric error separate. Color error, where both available, approximates independent BP/RP errors in quadrature; covariance and variability ignored.","Observed Gaia DR3 mean system photometry; unresolved light, not extinction-corrected",Host/subclass candidate or disputed; inspect source evidence; Bayesian geometric prior; unresolved system photometry and variability
gaia-dr3:4611319954072608384,V1323 Her,4611319954072608384,6c165f272fad,cataclysmic_variable; magnetic_cv,magnetic_cv,false,established,true,,17.365738,17.622572,16.76152,0.015897,0.063114,0.045945,0.8610520000000008,0.07806612595101668,M02407; M02408; M02409,GaiaDR3_V1323Her,1830.37781,1694.91968,2012.81006,M02411,BailerJones+21_V1323Her,Bayesian geometric distance,"Median; p16=1694.91968, p84=2012.81006 pc",Release preferred geometric posterior,Release-selected distance used; no compatibility absolute magnitude consumed.,6.0530342894270674,5.846724028154526,6.219992388069368,0.015897,"Recorded distance endpoints transformed nonlinearly at fixed G; retain the recorded interval convention, including unspecified conventions. Posterior quantiles are not Gaussian errors. Photometric error separate. Color error, where both available, approximates independent BP/RP errors in quadrature; covariance and variability ignored.","Observed Gaia DR3 mean system photometry; unresolved light, not extinction-corrected",Bayesian geometric prior; unresolved system photometry and variability
gaia-dr3:4193346037615507968,V1432 Aql,4193346037615507968,15c433311658,cataclysmic_variable; magnetic_cv,magnetic_cv,false,established,true,,15.783683,15.771821,15.305607,0.04545,0.10569,0.1236,0.466213999999999,0.1626263696329719,M02650; M02651; M02652,GaiaDR3+22_V1432Aql,449.663727,443.154968,456.457733,M02648,BailerJones+21,Gaia EDR3 geometric distance posterior,Bailer-Jones posterior 16th/84th percentiles; lower/upper offsets are asymmetric,Release preferred geometric posterior,Release-selected distance used; no compatibility absolute magnitude consumed.,7.519243721145221,7.486680154993628,7.550904888315362,0.04545,"Recorded distance endpoints transformed nonlinearly at fixed G; retain the recorded interval convention, including unspecified conventions. Posterior quantiles are not Gaussian errors. Photometric error separate. Color error, where both available, approximates independent BP/RP errors in quadrature; covariance and variability ignored.","Observed Gaia DR3 mean system photometry; unresolved light, not extinction-corrected",Bayesian geometric prior; unresolved system photometry and variability
gaia-dr3:4112610784274894208,V2400 Oph,4112610784274894208,f796ede516e7,cataclysmic_variable; magnetic_cv,magnetic_cv,false,established,true,,14.058168,14.214018,13.679268,0.005927,0.021351,0.018305,0.534749999999999,0.02812362398411698,M03173; M03175; M03177,GaiaDR3+22,699.697388,688.882202,709.350708,M03187,BailerJones+21,Bailer-Jones EDR3 geometric distance posterior,Uncertainty convention not specified in source,Release preferred geometric posterior,Release-selected distance used; no compatibility absolute magnitude consumed.,4.833616736622693,4.8038629673057756,4.867443177800004,0.005927,"Recorded distance endpoints transformed nonlinearly at fixed G; retain the recorded interval convention, including unspecified conventions. Posterior quantiles are not Gaussian errors. Photometric error separate. Color error, where both available, approximates independent BP/RP errors in quadrature; covariance and variability ignored.","Observed Gaia DR3 mean system photometry; unresolved light, not extinction-corrected",Bayesian geometric prior; unresolved system photometry and variability
gaia-dr3:5818105674344768768,V341 Ara,5818105674344768768,6fc86dc69012,cataclysmic_variable,cataclysmic_variable,true,established,true,,10.806384,10.837393,10.701433,0.012187,0.040632,0.033216,0.13596000000000075,0.052481064013603994,M06486; M06487; M06488,GaiaDR3_V341Ara,155.280914,154.434616,156.084808,M06490,BailerJones+21_V341Ara,Bayesian distance posterior using Gaia EDR3 astrometry,"Bailer-Jones geometric posterior p16/p84; asymmetric interval, not Gaussian sigma",Release preferred geometric posterior,Release-selected distance used; no compatibility absolute magnitude consumed.,4.850793606542949,4.839580827508101,4.862660737203447,0.012187,"Recorded distance endpoints transformed nonlinearly at fixed G; retain the recorded interval convention, including unspecified conventions. Posterior quantiles are not Gaussian errors. Photometric error separate. Color error, where both available, approximates independent BP/RP errors in quadrature; covariance and variability ignored.","Observed Gaia DR3 mean system photometry; unresolved light, not extinction-corrected",Host/subclass candidate or disputed; inspect source evidence; Bayesian geometric prior; unresolved system photometry and variability
gaia-dr3:5553468275089335040,V347 Pup,5553468275089335040,31964ce9870e,cataclysmic_variable,cataclysmic_variable,false,established,true,,13.304389,13.555717,12.866728,0.007953,0.025008,0.023094,0.6889889999999994,0.03404016598079392,M05711; M05712; M05713,GaiaDR3_V347Pup,290.347565,289.274597,291.50174,M05703,BailerJones+21_V347Pup,Bailer-Jones EDR3 geometric distance posterior,Posterior median; p16/p84 bounds,Plot-specific audited geometric posterior,RC3 scalar withheld by selection rules; source-specific audited geometric posterior selected for this plot only. Current compatibility distance.,5.989798059131379,5.9811832427728095,5.997837513874167,0.007953,"Recorded distance endpoints transformed nonlinearly at fixed G; retain the recorded interval convention, including unspecified conventions. Posterior quantiles are not Gaussian errors. Photometric error separate. Color error, where both available, approximates independent BP/RP errors in quadrature; covariance and variability ignored.","Observed Gaia DR3 mean system photometry; unresolved light, not extinction-corrected",Bayesian geometric prior; unresolved system photometry and variability
gaia-dr3:2725143108496515840,V388 Peg,2725143108496515840,77543123a3c2,cataclysmic_variable; magnetic_cv,magnetic_cv,false,established,true,,18.276783,18.400324,17.403856,0.055206,0.191087,0.13693,0.9964680000000001,0.23508310545209327,M03088; M03089; M03090,GaiaDR3_V388Peg,721.052368,666.70929,797.787659,M03092,BailerJones+21_V388Peg,Geometric distance posterior from Gaia EDR3 astrometry,Bailer-Jones EDR3 posterior 16th/50th/84th percentiles; errors are asymmetric percentile offsets,Release preferred geometric posterior,Release-selected distance used; no compatibility absolute magnitude consumed.,8.986948962758445,8.767346430439588,9.15710046662786,0.055206,"Recorded distance endpoints transformed nonlinearly at fixed G; retain the recorded interval convention, including unspecified conventions. Posterior quantiles are not Gaussian errors. Photometric error separate. Color error, where both available, approximates independent BP/RP errors in quadrature; covariance and variability ignored.","Observed Gaia DR3 mean system photometry; unresolved light, not extinction-corrected",Bayesian geometric prior; unresolved system photometry and variability
gaia-dr3:6688624794231054976,V3885 Sgr,6688624794231054976,b95a90e22ef2,cataclysmic_variable,cataclysmic_variable,false,established,true,,10.223999,10.251909,10.133834,0.0055937,0.02005172,0.01574631,0.11807499999999926,0.025495445741828087,M06624; M06625; M06626,GaiaDR3_V3885Sgr,128.569458,128.041641,129.129974,M06628,BailerJones+21_V3885Sgr,Bailer-Jones Gaia EDR3 geometric posterior,Posterior median and 16th/84th percentiles; asymmetric percentile offsets,Release preferred geometric posterior,Release-selected distance used; no compatibility absolute magnitude consumed.,4.678309934563504,4.668863682089665,4.687242842559945,0.0055937,"Recorded distance endpoints transformed nonlinearly at fixed G; retain the recorded interval convention, including unspecified conventions. Posterior quantiles are not Gaussian errors. Photometric error separate. Color error, where both available, approximates independent BP/RP errors in quadrature; covariance and variability ignored.","Observed Gaia DR3 mean system photometry; unresolved light, not extinction-corrected",Bayesian geometric prior; unresolved system photometry and variability
gaia-dr3:6749618724313541760,V5662 Sgr,6749618724313541760,78f1ad4d1ac8,cataclysmic_variable,cataclysmic_variable,false,established,true,,17.94577,17.984585,17.818644,0.00382,0.013849,0.018723,0.16594100000000012,0.02328831316347322,M06720; M06721; M06722,GaiaDR3_V5662Sgr,169.325912,164.887756,173.188217,M06734,BailerJones+21_V5662Sgr,Bailer-Jones EDR3 geometric rgeo posterior,"Posterior p16/p50/p84; asymmetric, not Gaussian 1-sigma bounds",Release preferred geometric posterior,Release-selected distance used; no compatibility absolute magnitude consumed.,11.802152882889688,11.75317829444428,11.859827961894485,0.00382,"Recorded distance endpoints transformed nonlinearly at fixed G; retain the recorded interval convention, including unspecified conventions. Posterior quantiles are not Gaussian errors. Photometric error separate. Color error, where both available, approximates independent BP/RP errors in quadrature; covariance and variability ignored.","Observed Gaia DR3 mean system photometry; unresolved light, not extinction-corrected",Bayesian geometric prior; unresolved system photometry and variability
gaia-dr3:4266547566124966912,V603 Aql,4266547566124966912,a7d2b2a94a4f,cataclysmic_variable,cataclysmic_variable,false,established,true,,11.866585,11.884592,11.712627,0.01271373,0.04537888,0.03890954,0.17196500000000015,0.05977620808537457,M04141; M04143; M04145,GaiaDR3_V603Aql,315.407593,311.86584500000004,318.376343,M04150,BailerJones+21_V603Aql,Geometric distance posterior from Gaia EDR3 parallax and prior,Bailer-Jones EDR3 geometric posterior 16th/84th percentiles; asymmetric quantiles,Release preferred geometric posterior,Release-selected distance used; no compatibility absolute magnitude consumed.,4.372224279222197,4.351881050247508,4.396745929039863,0.01271373,"Recorded distance endpoints transformed nonlinearly at fixed G; retain the recorded interval convention, including unspecified conventions. Posterior quantiles are not Gaussian errors. Photometric error separate. Color error, where both available, approximates independent BP/RP errors in quadrature; covariance and variability ignored.","Observed Gaia DR3 mean system photometry; unresolved light, not extinction-corrected",Bayesian geometric prior; unresolved system photometry and variability
gaia-dr3:5719598950133755392,VV Pup,5719598950133755392,56faebaf2847,cataclysmic_variable; magnetic_cv,magnetic_cv,false,established,true,,15.9548,16.10183,15.54593,0.02174,0.06914,0.04612,0.5558999999999994,0.08311073336218373,M05307; M05308; M05309,GaiaDR3_VVPup,135.259247,134.543304,136.005585,M05315,BailerJones+21_VVPup,Bayesian geometric posterior from Gaia EDR3,Bailer-Jones geometric posterior median with p16/p84 bounds,Plot-specific audited geometric posterior,RC3 scalar withheld by selection rules; source-specific audited geometric posterior selected for this plot only. Preferred Gaia distance; retain percentile bounds.,10.298965173295624,10.28701628591071,10.310489557439212,0.02174,"Recorded distance endpoints transformed nonlinearly at fixed G; retain the recorded interval convention, including unspecified conventions. Posterior quantiles are not Gaussian errors. Photometric error separate. Color error, where both available, approximates independent BP/RP errors in quadrature; covariance and variability ignored.","Observed Gaia DR3 mean system photometry; unresolved light, not extinction-corrected",Bayesian geometric prior; unresolved system photometry and variability
gaia-dr3:755705822218381184,WX LMi,755705822218381184,f03f92b19f9f,cataclysmic_variable; magnetic_cv,magnetic_cv,false,established,true,,16.339228,17.39381,15.23927,0.00408,0.013146,0.017305,2.154539999999999,0.021732011894898273,M01135; M01136; M01137,GaiaDR3_WXLmi,96.7808456,96.22599790000001,97.26789860000001,M01139,BailerJones+21,Gaia EDR3 geometric distance posterior,Bailer-Jones posterior median with p16/p84 distances; asymmetric intervals,Release preferred geometric posterior,Release-selected distance used; no compatibility absolute magnitude consumed.,11.410280938321847,11.399380333148676,11.422765882059746,0.00408,"Recorded distance endpoints transformed nonlinearly at fixed G; retain the recorded interval convention, including unspecified conventions. Posterior quantiles are not Gaussian errors. Photometric error separate. Color error, where both available, approximates independent BP/RP errors in quadrature; covariance and variability ignored.","Observed Gaia DR3 mean system photometry; unresolved light, not extinction-corrected",Bayesian geometric prior; unresolved system photometry and variability
gaia-dr3:683908812437792000,YZ Cnc,683908812437792000,d68db621bd74,cataclysmic_variable,cataclysmic_variable,false,established,true,,14.016877,14.011964,13.426209,0.07354,0.27133,0.20739,0.5857550000000007,0.3415121974395644,M05970; M05971; M05972,GaiaDR3_YZCnc,233.490631,231.680878,235.028549,M05976,BailerJones+21_YZCnc,Geometric distance posterior based on Gaia EDR3 astrometry,"Bailer-Jones posterior percentiles p16/p84 relative to posterior median; asymmetric interval, not Gaussian sigma",Release preferred geometric posterior,Release-selected distance used; no compatibility absolute magnitude consumed.,7.17552970582412,7.161273903107324,7.192426048179746,0.07354,"Recorded distance endpoints transformed nonlinearly at fixed G; retain the recorded interval convention, including unspecified conventions. Posterior quantiles are not Gaussian errors. Photometric error separate. Color error, where both available, approximates independent BP/RP errors in quadrature; covariance and variability ignored.","Observed Gaia DR3 mean system photometry; unresolved light, not extinction-corrected",Bayesian geometric prior; unresolved system photometry and variability
gaia-dr3:1123169888190445568,Z Cam,1123169888190445568,9b83fb948d2a,cataclysmic_variable,cataclysmic_variable,false,established,true,,12.678824,12.747631,11.922833,0.03619,0.15534,0.09184,0.8247979999999995,0.18045803168604052,M03757; M03758; M03759,GaiaDR3_ZCam,213.497284,212.24336200000002,214.739868,M03764,BailerJones+21_ZCam,Gaia EDR3 parallax geometric posterior,"Bailer-Jones posterior median with 16th/84th percentile bounds; reported as asymmetric quantile offsets, not Gaussian 1 sigma",Release preferred geometric posterior,Release-selected distance used; no compatibility absolute magnitude consumed.,6.031862227347375,6.019260590929404,6.044653418066726,0.03619,"Recorded distance endpoints transformed nonlinearly at fixed G; retain the recorded interval convention, including unspecified conventions. Posterior quantiles are not Gaussian errors. Photometric error separate. Color error, where both available, approximates independent BP/RP errors in quadrature; covariance and variability ignored.","Observed Gaia DR3 mean system photometry; unresolved light, not extinction-corrected",Problematic single-source astrometry: RUWE=1.7624958 (M03749); Bayesian geometric prior; unresolved system photometry and variability
name:askap-j144834-685644,ASKAP J144834-685644,,71817c95247b,long_period_transient; long_period_radio_transient; cataclysmic_variable,long_period_transient,true,established,false,"No secure Gaia counterpart / complete BP, RP and G photometry; no assumed WD or distance",,,,,,,,,,,,,,,,,,No plot distance selected,,,,,,"Recorded distance endpoints transformed nonlinearly at fixed G; retain the recorded interval convention, including unspecified conventions. Posterior quantiles are not Gaussian errors. Photometric error separate. Color error, where both available, approximates independent BP/RP errors in quadrature; covariance and variability ignored.",,Host/subclass candidate or disputed; inspect source evidence
